-- ----------------------------
-- 1、代码生成业务表
-- ----------------------------
CREATE TABLE "ANALYSIS_PLATFORM"."GEN_TABLE"
(
    "TABLE_ID" BIGINT IDENTITY(1, 1) NOT NULL,
    "TABLE_NAME" VARCHAR(200) DEFAULT '',
    "TABLE_COMMENT" VARCHAR(500) DEFAULT '',
    "SUB_TABLE_NAME" VARCHAR(64),
    "SUB_TABLE_FK_NAME" VARCHAR(64),
    "CLASS_NAME" VARCHAR(100) DEFAULT '',
    "TPL_CATEGORY" VARCHAR(200) DEFAULT 'crud',
    "TPL_WEB_TYPE" VARCHAR(30) DEFAULT '',
    "PACKAGE_NAME" VARCHAR(100),
    "MODULE_NAME" VARCHAR(30),
    "BUSINESS_NAME" VARCHAR(30),
    "FUNCTION_NAME" VARCHAR(50),
    "FUNCTION_AUTHOR" VARCHAR(50),
    "GEN_TYPE" CHAR(1) DEFAULT '0',
    "GEN_PATH" VARCHAR(200) DEFAULT '/',
    "OPTIONS" VARCHAR(1000),
    "CREATE_BY" VARCHAR(64) DEFAULT '',
    "CREATE_TIME" TIMESTAMP(0),
    "UPDATE_BY" VARCHAR(64) DEFAULT '',
    "UPDATE_TIME" TIMESTAMP(0),
    "REMARK" VARCHAR(500),
    NOT CLUSTER PRIMARY KEY("TABLE_ID")) STORAGE(ON "MAIN", CLUSTERBTR) ;
COMMENT ON TABLE "ANALYSIS_PLATFORM"."GEN_TABLE" IS '代码生成业务表';
COMMENT ON COLUMN "ANALYSIS_PLATFORM"."GEN_TABLE"."TABLE_ID" IS '编号';
COMMENT ON COLUMN "ANALYSIS_PLATFORM"."GEN_TABLE"."TABLE_NAME" IS '表名称';
COMMENT ON COLUMN "ANALYSIS_PLATFORM"."GEN_TABLE"."TABLE_COMMENT" IS '表描述';
COMMENT ON COLUMN "ANALYSIS_PLATFORM"."GEN_TABLE"."SUB_TABLE_NAME" IS '关联子表的表名';
COMMENT ON COLUMN "ANALYSIS_PLATFORM"."GEN_TABLE"."SUB_TABLE_FK_NAME" IS '子表关联的外键名';
COMMENT ON COLUMN "ANALYSIS_PLATFORM"."GEN_TABLE"."CLASS_NAME" IS '实体类名称';
COMMENT ON COLUMN "ANALYSIS_PLATFORM"."GEN_TABLE"."TPL_CATEGORY" IS '使用的模板（crud单表操作 tree树表操作）';
COMMENT ON COLUMN "ANALYSIS_PLATFORM"."GEN_TABLE"."TPL_WEB_TYPE" IS '前端模板类型（element-ui模版 element-plus模版）';
COMMENT ON COLUMN "ANALYSIS_PLATFORM"."GEN_TABLE"."PACKAGE_NAME" IS '生成包路径';
COMMENT ON COLUMN "ANALYSIS_PLATFORM"."GEN_TABLE"."MODULE_NAME" IS '生成模块名';
COMMENT ON COLUMN "ANALYSIS_PLATFORM"."GEN_TABLE"."BUSINESS_NAME" IS '生成业务名';
COMMENT ON COLUMN "ANALYSIS_PLATFORM"."GEN_TABLE"."FUNCTION_NAME" IS '生成功能名';
COMMENT ON COLUMN "ANALYSIS_PLATFORM"."GEN_TABLE"."FUNCTION_AUTHOR" IS '生成功能作者';
COMMENT ON COLUMN "ANALYSIS_PLATFORM"."GEN_TABLE"."GEN_TYPE" IS '生成代码方式（0zip压缩包 1自定义路径）';
COMMENT ON COLUMN "ANALYSIS_PLATFORM"."GEN_TABLE"."GEN_PATH" IS '生成路径（不填默认项目路径）';
COMMENT ON COLUMN "ANALYSIS_PLATFORM"."GEN_TABLE"."OPTIONS" IS '其它生成选项';
COMMENT ON COLUMN "ANALYSIS_PLATFORM"."GEN_TABLE"."CREATE_BY" IS '创建者';
COMMENT ON COLUMN "ANALYSIS_PLATFORM"."GEN_TABLE"."CREATE_TIME" IS '创建时间';
COMMENT ON COLUMN "ANALYSIS_PLATFORM"."GEN_TABLE"."UPDATE_BY" IS '更新者';
COMMENT ON COLUMN "ANALYSIS_PLATFORM"."GEN_TABLE"."UPDATE_TIME" IS '更新时间';
COMMENT ON COLUMN "ANALYSIS_PLATFORM"."GEN_TABLE"."REMARK" IS '备注';

SET IDENTITY_INSERT ANALYSIS_PLATFORM.GEN_TABLE ON;

INSERT INTO "ANALYSIS_PLATFORM"."GEN_TABLE"("TABLE_ID","TABLE_NAME","TABLE_COMMENT","SUB_TABLE_NAME","SUB_TABLE_FK_NAME","CLASS_NAME","TPL_CATEGORY","TPL_WEB_TYPE","PACKAGE_NAME","MODULE_NAME","BUSINESS_NAME","FUNCTION_NAME","FUNCTION_AUTHOR","GEN_TYPE","GEN_PATH","OPTIONS","CREATE_BY","CREATE_TIME","UPDATE_BY","UPDATE_TIME","REMARK")
VALUES(1,'tak_behavior_record_detail','行为记录详情表',null,null,'TakBehaviorRecordDetail','crud','element-ui','com.jwzt.modules.experiment','experiment','detail','行为记录详情','lx','0','/','{"parentMenuId":0}','admin','2025-07-09 16:00:51','','2025-07-09 16:59:55',null);
INSERT INTO "ANALYSIS_PLATFORM"."GEN_TABLE"("TABLE_ID","TABLE_NAME","TABLE_COMMENT","SUB_TABLE_NAME","SUB_TABLE_FK_NAME","CLASS_NAME","TPL_CATEGORY","TPL_WEB_TYPE","PACKAGE_NAME","MODULE_NAME","BUSINESS_NAME","FUNCTION_NAME","FUNCTION_AUTHOR","GEN_TYPE","GEN_PATH","OPTIONS","CREATE_BY","CREATE_TIME","UPDATE_BY","UPDATE_TIME","REMARK")
VALUES(2,'tak_behavior_records','行为记录表','tak_behavior_record_detail','track_id','TakBehaviorRecords','sub','element-plus','com.jwzt.modules.experiment','experiment','experiment','行为记录','lx','0','/','{"parentMenuId":0}','admin','2025-07-09 16:00:51','','2025-07-10 14:57:06',null);
INSERT INTO "ANALYSIS_PLATFORM"."GEN_TABLE"("TABLE_ID","TABLE_NAME","TABLE_COMMENT","SUB_TABLE_NAME","SUB_TABLE_FK_NAME","CLASS_NAME","TPL_CATEGORY","TPL_WEB_TYPE","PACKAGE_NAME","MODULE_NAME","BUSINESS_NAME","FUNCTION_NAME","FUNCTION_AUTHOR","GEN_TYPE","GEN_PATH","OPTIONS","CREATE_BY","CREATE_TIME","UPDATE_BY","UPDATE_TIME","REMARK")
VALUES(3,'SYS_SUBSCRIBE','订阅信息',null,null,'SysSubscribe','crud','element-plus','com.ruoyi.system','system','subscribe','订阅管理','lx','0','/','{"parentMenuId":3}','admin','2025-09-09 16:19:38','','2025-09-09 16:40:29',null);
INSERT INTO "ANALYSIS_PLATFORM"."GEN_TABLE"("TABLE_ID","TABLE_NAME","TABLE_COMMENT","SUB_TABLE_NAME","SUB_TABLE_FK_NAME","CLASS_NAME","TPL_CATEGORY","TPL_WEB_TYPE","PACKAGE_NAME","MODULE_NAME","BUSINESS_NAME","FUNCTION_NAME","FUNCTION_AUTHOR","GEN_TYPE","GEN_PATH","OPTIONS","CREATE_BY","CREATE_TIME","UPDATE_BY","UPDATE_TIME","REMARK")
VALUES(4,'TAK_BEACON_INFO','信标信息表',null,null,'TakBeaconInfo','crud','element-plus','com.jwzt.modules.experiment','experiment','beaconInfo','信标信息','lx','0','/','{"parentMenuId":0}','admin','2025-09-15 15:57:59','','2025-09-16 11:07:02',null);
INSERT INTO "ANALYSIS_PLATFORM"."GEN_TABLE"("TABLE_ID","TABLE_NAME","TABLE_COMMENT","SUB_TABLE_NAME","SUB_TABLE_FK_NAME","CLASS_NAME","TPL_CATEGORY","TPL_WEB_TYPE","PACKAGE_NAME","MODULE_NAME","BUSINESS_NAME","FUNCTION_NAME","FUNCTION_AUTHOR","GEN_TYPE","GEN_PATH","OPTIONS","CREATE_BY","CREATE_TIME","UPDATE_BY","UPDATE_TIME","REMARK")
VALUES(5,'LOC_TRACK_RECORD','定位数据记录主表',null,null,'LocTrackRecord','crud','element-plus','com.jwzt.modules.experiment','experiment','experiment','定位数据记录','lx','0','/','{}','admin','2025-11-13 14:51:12','','2025-11-13 15:00:57',null);
INSERT INTO "ANALYSIS_PLATFORM"."GEN_TABLE"("TABLE_ID","TABLE_NAME","TABLE_COMMENT","SUB_TABLE_NAME","SUB_TABLE_FK_NAME","CLASS_NAME","TPL_CATEGORY","TPL_WEB_TYPE","PACKAGE_NAME","MODULE_NAME","BUSINESS_NAME","FUNCTION_NAME","FUNCTION_AUTHOR","GEN_TYPE","GEN_PATH","OPTIONS","CREATE_BY","CREATE_TIME","UPDATE_BY","UPDATE_TIME","REMARK")
VALUES(6,'TAK_CARD_INFO','定位卡管理',null,null,'TakCardInfo','crud','element-plus','com.jwzt.modules.experiment','experiment','cardInfo','定位卡管理','lx','0','/','{"parentMenuId":0}','admin','2025-11-13 17:08:39','','2025-11-13 17:10:28',null);

SET IDENTITY_INSERT ANALYSIS_PLATFORM.GEN_TABLE OFF;

-- ----------------------------
-- 2、代码生成业务表字段
-- ----------------------------
CREATE TABLE "ANALYSIS_PLATFORM"."GEN_TABLE_COLUMN"
(
    "COLUMN_ID" BIGINT IDENTITY(63, 1) NOT NULL,
    "TABLE_ID" BIGINT,
    "COLUMN_NAME" VARCHAR(200),
    "COLUMN_COMMENT" VARCHAR(500),
    "COLUMN_TYPE" VARCHAR(100),
    "JAVA_TYPE" VARCHAR(500),
    "JAVA_FIELD" VARCHAR(200),
    "IS_PK" CHAR(1),
    "IS_INCREMENT" CHAR(1),
    "IS_REQUIRED" CHAR(1),
    "IS_INSERT" CHAR(1),
    "IS_EDIT" CHAR(1),
    "IS_LIST" CHAR(1),
    "IS_QUERY" CHAR(1),
    "QUERY_TYPE" VARCHAR(200) DEFAULT 'EQ',
    "HTML_TYPE" VARCHAR(200),
    "DICT_TYPE" VARCHAR(200) DEFAULT '',
    "SORT" INT,
    "CREATE_BY" VARCHAR(64) DEFAULT '',
    "CREATE_TIME" TIMESTAMP(0),
    "UPDATE_BY" VARCHAR(64) DEFAULT '',
    "UPDATE_TIME" TIMESTAMP(0),
    NOT CLUSTER PRIMARY KEY("COLUMN_ID")) STORAGE(ON "MAIN", CLUSTERBTR) ;
COMMENT ON TABLE "ANALYSIS_PLATFORM"."GEN_TABLE_COLUMN" IS '代码生成业务表字段';
COMMENT ON COLUMN "ANALYSIS_PLATFORM"."GEN_TABLE_COLUMN"."COLUMN_ID" IS '编号';
COMMENT ON COLUMN "ANALYSIS_PLATFORM"."GEN_TABLE_COLUMN"."TABLE_ID" IS '归属表编号';
COMMENT ON COLUMN "ANALYSIS_PLATFORM"."GEN_TABLE_COLUMN"."COLUMN_NAME" IS '列名称';
COMMENT ON COLUMN "ANALYSIS_PLATFORM"."GEN_TABLE_COLUMN"."COLUMN_COMMENT" IS '列描述';
COMMENT ON COLUMN "ANALYSIS_PLATFORM"."GEN_TABLE_COLUMN"."COLUMN_TYPE" IS '列类型';
COMMENT ON COLUMN "ANALYSIS_PLATFORM"."GEN_TABLE_COLUMN"."JAVA_TYPE" IS 'JAVA类型';
COMMENT ON COLUMN "ANALYSIS_PLATFORM"."GEN_TABLE_COLUMN"."JAVA_FIELD" IS 'JAVA字段名';
COMMENT ON COLUMN "ANALYSIS_PLATFORM"."GEN_TABLE_COLUMN"."IS_PK" IS '是否主键（1是）';
COMMENT ON COLUMN "ANALYSIS_PLATFORM"."GEN_TABLE_COLUMN"."IS_INCREMENT" IS '是否自增（1是）';
COMMENT ON COLUMN "ANALYSIS_PLATFORM"."GEN_TABLE_COLUMN"."IS_REQUIRED" IS '是否必填（1是）';
COMMENT ON COLUMN "ANALYSIS_PLATFORM"."GEN_TABLE_COLUMN"."IS_INSERT" IS '是否为插入字段（1是）';
COMMENT ON COLUMN "ANALYSIS_PLATFORM"."GEN_TABLE_COLUMN"."IS_EDIT" IS '是否编辑字段（1是）';
COMMENT ON COLUMN "ANALYSIS_PLATFORM"."GEN_TABLE_COLUMN"."IS_LIST" IS '是否列表字段（1是）';
COMMENT ON COLUMN "ANALYSIS_PLATFORM"."GEN_TABLE_COLUMN"."IS_QUERY" IS '是否查询字段（1是）';
COMMENT ON COLUMN "ANALYSIS_PLATFORM"."GEN_TABLE_COLUMN"."QUERY_TYPE" IS '查询方式（等于、不等于、大于、小于、范围）';
COMMENT ON COLUMN "ANALYSIS_PLATFORM"."GEN_TABLE_COLUMN"."HTML_TYPE" IS '显示类型（文本框、文本域、下拉框、复选框、单选框、日期控件）';
COMMENT ON COLUMN "ANALYSIS_PLATFORM"."GEN_TABLE_COLUMN"."DICT_TYPE" IS '字典类型';
COMMENT ON COLUMN "ANALYSIS_PLATFORM"."GEN_TABLE_COLUMN"."SORT" IS '排序';
COMMENT ON COLUMN "ANALYSIS_PLATFORM"."GEN_TABLE_COLUMN"."CREATE_BY" IS '创建者';
COMMENT ON COLUMN "ANALYSIS_PLATFORM"."GEN_TABLE_COLUMN"."CREATE_TIME" IS '创建时间';
COMMENT ON COLUMN "ANALYSIS_PLATFORM"."GEN_TABLE_COLUMN"."UPDATE_BY" IS '更新者';
COMMENT ON COLUMN "ANALYSIS_PLATFORM"."GEN_TABLE_COLUMN"."UPDATE_TIME" IS '更新时间';


-- ----------------------------
-- 3、定位卡状态数据记录
-- ----------------------------
CREATE TABLE "ANALYSIS_PLATFORM"."LOC_STATUS_RECORD"
(
    "ID" BIGINT IDENTITY(1, 1) NOT NULL,
    "STATION_ID" INT NOT NULL,
    "CARD_ID" VARCHAR(64) NOT NULL,
    "IS_ALARM" SMALLINT NOT NULL,
    "IS_LOW_POWER" SMALLINT NOT NULL,
    "IS_STILL" SMALLINT NOT NULL,
    "SOURCE_CODE" VARCHAR(64) NOT NULL,
    "CARD_POWER" INT,
    "CARD_FREQ" INT,
    "CARD_VERSION" INT,
    "RAW_PAYLOAD" CLOB,
    "CREATED_AT" TIMESTAMP(6) DEFAULT CURRENT_TIMESTAMP,
    NOT CLUSTER PRIMARY KEY("ID")) STORAGE(ON "MAIN", CLUSTERBTR) ;
CREATE OR REPLACE  INDEX "ANALYSIS_PLATFORM"."IDX_LOC_STATUS_STATION" ON "ANALYSIS_PLATFORM"."LOC_STATUS_RECORD"("STATION_ID" ASC) STORAGE(ON "MAIN", CLUSTERBTR) ;
CREATE OR REPLACE  INDEX "ANALYSIS_PLATFORM"."IDX_LOC_STATUS_CARD" ON "ANALYSIS_PLATFORM"."LOC_STATUS_RECORD"("CARD_ID" ASC) STORAGE(ON "MAIN", CLUSTERBTR) ;
CREATE OR REPLACE  INDEX "ANALYSIS_PLATFORM"."IDX_LOC_STATUS_SOURCE" ON "ANALYSIS_PLATFORM"."LOC_STATUS_RECORD"("SOURCE_CODE" ASC) STORAGE(ON "MAIN", CLUSTERBTR) ;
COMMENT ON TABLE "ANALYSIS_PLATFORM"."LOC_STATUS_RECORD" IS '定位卡状态数据记录';


-- ----------------------------
-- 4、定位数据记录主表
-- ----------------------------
CREATE TABLE "ANALYSIS_PLATFORM"."LOC_TRACK_RECORD"
(
    "ID" BIGINT IDENTITY(1, 1) NOT NULL,
    "STATION_ID" INT,
    "CARD_ID" VARCHAR(64),
    "IS_ALARM" SMALLINT,
    "IS_LOW_POWER" SMALLINT,
    "IS_STILL" SMALLINT,
    "SOURCE_CODE" VARCHAR(64) NOT NULL,
    "GPS_IS_VALID" SMALLINT NOT NULL,
    "LATITUDE" DOUBLE,
    "LONGITUDE" DOUBLE,
    "SPEED" DOUBLE,
    "BEACONS_JSON" CLOB,
    "UWBS_JSON" CLOB,
    "RAW_PAYLOAD" CLOB,
    "CREATED_AT" TIMESTAMP(6) DEFAULT CURRENT_TIMESTAMP,
    NOT CLUSTER PRIMARY KEY("ID")) STORAGE(ON "MAIN", CLUSTERBTR) ;
CREATE OR REPLACE  INDEX "ANALYSIS_PLATFORM"."IDX_LOC_TRACK_STATION" ON "ANALYSIS_PLATFORM"."LOC_TRACK_RECORD"("STATION_ID" ASC) STORAGE(ON "MAIN", CLUSTERBTR) ;
CREATE OR REPLACE  INDEX "ANALYSIS_PLATFORM"."IDX_LOC_TRACK_CARD" ON "ANALYSIS_PLATFORM"."LOC_TRACK_RECORD"("CARD_ID" ASC) STORAGE(ON "MAIN", CLUSTERBTR) ;
CREATE OR REPLACE  INDEX "ANALYSIS_PLATFORM"."IDX_LOC_TRACK_SOURCE" ON "ANALYSIS_PLATFORM"."LOC_TRACK_RECORD"("SOURCE_CODE" ASC) STORAGE(ON "MAIN", CLUSTERBTR) ;
COMMENT ON TABLE "ANALYSIS_PLATFORM"."LOC_TRACK_RECORD" IS '定位数据记录主表';
COMMENT ON COLUMN "ANALYSIS_PLATFORM"."LOC_TRACK_RECORD"."STATION_ID" IS '基站唯一标识（-1表示无效）';
COMMENT ON COLUMN "ANALYSIS_PLATFORM"."LOC_TRACK_RECORD"."CARD_ID" IS '定位卡唯一标识';
COMMENT ON COLUMN "ANALYSIS_PLATFORM"."LOC_TRACK_RECORD"."IS_ALARM" IS '是否按键报警（0 否，1 是）';
COMMENT ON COLUMN "ANALYSIS_PLATFORM"."LOC_TRACK_RECORD"."IS_LOW_POWER" IS '定位卡是否低电（0 正常，1 低电）';
COMMENT ON COLUMN "ANALYSIS_PLATFORM"."LOC_TRACK_RECORD"."IS_STILL" IS '定位卡是否静止（0 移动，1 静止）';
COMMENT ON COLUMN "ANALYSIS_PLATFORM"."LOC_TRACK_RECORD"."SOURCE_CODE" IS '数据来源编码';
COMMENT ON COLUMN "ANALYSIS_PLATFORM"."LOC_TRACK_RECORD"."GPS_IS_VALID" IS 'GPS是否有效（0 无效，1 有效）';
COMMENT ON COLUMN "ANALYSIS_PLATFORM"."LOC_TRACK_RECORD"."LATITUDE" IS '纬度';
COMMENT ON COLUMN "ANALYSIS_PLATFORM"."LOC_TRACK_RECORD"."LONGITUDE" IS '经度';
COMMENT ON COLUMN "ANALYSIS_PLATFORM"."LOC_TRACK_RECORD"."SPEED" IS '速度（单位：m/s）';
COMMENT ON COLUMN "ANALYSIS_PLATFORM"."LOC_TRACK_RECORD"."BEACONS_JSON" IS '信标数组 JSON 序列化';
COMMENT ON COLUMN "ANALYSIS_PLATFORM"."LOC_TRACK_RECORD"."UWBS_JSON" IS 'UWB 基站数组 JSON 序列化';
COMMENT ON COLUMN "ANALYSIS_PLATFORM"."LOC_TRACK_RECORD"."RAW_PAYLOAD" IS '原始数据 JSON';


-- ----------------------------
-- 5、定位数据关联的信标明细
-- ----------------------------
CREATE TABLE "ANALYSIS_PLATFORM"."LOC_TRACK_BEACON"
(
    "ID" BIGINT IDENTITY(1, 1) NOT NULL,
    "LOCATION_ID" BIGINT NOT NULL,
    "BEACON_ID" INT,
    "DISTANCE" DOUBLE,
    "IS_LOW_POWER" SMALLINT,
    "CREATED_AT" TIMESTAMP(6) DEFAULT CURRENT_TIMESTAMP,
    NOT CLUSTER PRIMARY KEY("ID"),
    CONSTRAINT "FK_LOC_BEACON_RECORD" FOREIGN KEY("LOCATION_ID") REFERENCES "ANALYSIS_PLATFORM"."LOC_TRACK_RECORD"("ID")) STORAGE(ON "MAIN", CLUSTERBTR) ;
CREATE OR REPLACE  INDEX "ANALYSIS_PLATFORM"."IDX_LOC_BEACON_LOCATION_ID" ON "ANALYSIS_PLATFORM"."LOC_TRACK_BEACON"("LOCATION_ID" ASC) STORAGE(ON "MAIN", CLUSTERBTR) ;
COMMENT ON TABLE "ANALYSIS_PLATFORM"."LOC_TRACK_BEACON" IS '定位数据关联的信标明细';


-- ----------------------------
-- 6、定位数据关联的 UWB 基站明细
-- ----------------------------
CREATE TABLE "ANALYSIS_PLATFORM"."LOC_TRACK_UWB"
(
    "ID" BIGINT IDENTITY(1, 1) NOT NULL,
    "LOCATION_ID" BIGINT NOT NULL,
    "CARD_ID" VARCHAR(64),
    "UWB_ID" VARCHAR(64),
    "DISTANCE" DOUBLE,
    "ELECTRIC_QUANTITY" SMALLINT,
    "CREATED_AT" TIMESTAMP(6) DEFAULT CURRENT_TIMESTAMP,
    NOT CLUSTER PRIMARY KEY("ID"),
    CONSTRAINT "FK_LOC_UWB_RECORD" FOREIGN KEY("LOCATION_ID") REFERENCES "ANALYSIS_PLATFORM"."LOC_TRACK_RECORD"("ID")) STORAGE(ON "MAIN", CLUSTERBTR) ;
CREATE OR REPLACE  INDEX "ANALYSIS_PLATFORM"."IDX_LOC_UWB_LOCATION_ID" ON "ANALYSIS_PLATFORM"."LOC_TRACK_UWB"("LOCATION_ID" ASC) STORAGE(ON "MAIN", CLUSTERBTR) ;
COMMENT ON TABLE "ANALYSIS_PLATFORM"."LOC_TRACK_UWB" IS '定位数据关联的 UWB 基站明细';
COMMENT ON COLUMN "ANALYSIS_PLATFORM"."LOC_TRACK_UWB"."CARD_ID" IS '定位卡唯一标识';


-- ----------------------------
-- 7、订阅信息
-- ----------------------------
CREATE TABLE "ANALYSIS_PLATFORM"."SUBSCRIPTION_INFO"
(
    "ID" NUMBER NOT NULL,
    "BUILD_ID" VARCHAR2(100),
    "SUBSCRIBE_ID" VARCHAR2(100),
    "CREATE_TIME" DATE DEFAULT SYSDATE,
    NOT CLUSTER PRIMARY KEY("ID")) STORAGE(ON "MAIN", CLUSTERBTR) ;


-- ----------------------------
-- 8、参数配置表
-- ----------------------------
CREATE TABLE "ANALYSIS_PLATFORM"."SYS_CONFIG"
(
    "CONFIG_ID" INT IDENTITY(1, 1) NOT NULL,
    "CONFIG_NAME" VARCHAR(100) DEFAULT '',
    "CONFIG_KEY" VARCHAR(100) DEFAULT '',
    "CONFIG_VALUE" VARCHAR(500) DEFAULT '',
    "CONFIG_TYPE" CHAR(1) DEFAULT 'N',
    "CREATE_BY" VARCHAR(64) DEFAULT '',
    "CREATE_TIME" TIMESTAMP(0),
    "UPDATE_BY" VARCHAR(64) DEFAULT '',
    "UPDATE_TIME" TIMESTAMP(0),
    "REMARK" VARCHAR(500),
    NOT CLUSTER PRIMARY KEY("CONFIG_ID")) STORAGE(ON "MAIN", CLUSTERBTR) ;
COMMENT ON TABLE "ANALYSIS_PLATFORM"."SYS_CONFIG" IS '参数配置表';
COMMENT ON COLUMN "ANALYSIS_PLATFORM"."SYS_CONFIG"."CONFIG_ID" IS '参数主键';
COMMENT ON COLUMN "ANALYSIS_PLATFORM"."SYS_CONFIG"."CONFIG_NAME" IS '参数名称';
COMMENT ON COLUMN "ANALYSIS_PLATFORM"."SYS_CONFIG"."CONFIG_KEY" IS '参数键名';
COMMENT ON COLUMN "ANALYSIS_PLATFORM"."SYS_CONFIG"."CONFIG_VALUE" IS '参数键值';
COMMENT ON COLUMN "ANALYSIS_PLATFORM"."SYS_CONFIG"."CONFIG_TYPE" IS '系统内置（Y是 N否）';
COMMENT ON COLUMN "ANALYSIS_PLATFORM"."SYS_CONFIG"."CREATE_BY" IS '创建者';
COMMENT ON COLUMN "ANALYSIS_PLATFORM"."SYS_CONFIG"."CREATE_TIME" IS '创建时间';
COMMENT ON COLUMN "ANALYSIS_PLATFORM"."SYS_CONFIG"."UPDATE_BY" IS '更新者';
COMMENT ON COLUMN "ANALYSIS_PLATFORM"."SYS_CONFIG"."UPDATE_TIME" IS '更新时间';
COMMENT ON COLUMN "ANALYSIS_PLATFORM"."SYS_CONFIG"."REMARK" IS '备注';
SET IDENTITY_INSERT ANALYSIS_PLATFORM.SYS_CONFIG ON;
INSERT INTO "ANALYSIS_PLATFORM"."SYS_CONFIG"("CONFIG_ID","CONFIG_NAME","CONFIG_KEY","CONFIG_VALUE","CONFIG_TYPE","CREATE_BY","CREATE_TIME","UPDATE_BY","UPDATE_TIME","REMARK")
VALUES(1,'主框架页-默认皮肤样式名称','sys.index.skinName','skin-blue','Y','admin','2025-02-10 10:58:33','',null,'蓝色 skin-blue、绿色 skin-green、紫色 skin-purple、红色 skin-red、黄色 skin-yellow');
INSERT INTO "ANALYSIS_PLATFORM"."SYS_CONFIG"("CONFIG_ID","CONFIG_NAME","CONFIG_KEY","CONFIG_VALUE","CONFIG_TYPE","CREATE_BY","CREATE_TIME","UPDATE_BY","UPDATE_TIME","REMARK")
VALUES(2,'用户管理-账号初始密码','sys.user.initPassword','123456','Y','admin','2025-02-10 10:58:33','',null,'初始化密码 123456');
INSERT INTO "ANALYSIS_PLATFORM"."SYS_CONFIG"("CONFIG_ID","CONFIG_NAME","CONFIG_KEY","CONFIG_VALUE","CONFIG_TYPE","CREATE_BY","CREATE_TIME","UPDATE_BY","UPDATE_TIME","REMARK")
VALUES(3,'主框架页-侧边栏主题','sys.index.sideTheme','theme-dark','Y','admin','2025-02-10 10:58:33','',null,'深色主题theme-dark，浅色主题theme-light');
INSERT INTO "ANALYSIS_PLATFORM"."SYS_CONFIG"("CONFIG_ID","CONFIG_NAME","CONFIG_KEY","CONFIG_VALUE","CONFIG_TYPE","CREATE_BY","CREATE_TIME","UPDATE_BY","UPDATE_TIME","REMARK")
VALUES(4,'账号自助-验证码开关','sys.account.captchaEnabled','true','Y','admin','2025-02-10 10:58:33','',null,'是否开启验证码功能（true开启，false关闭）');
INSERT INTO "ANALYSIS_PLATFORM"."SYS_CONFIG"("CONFIG_ID","CONFIG_NAME","CONFIG_KEY","CONFIG_VALUE","CONFIG_TYPE","CREATE_BY","CREATE_TIME","UPDATE_BY","UPDATE_TIME","REMARK")
VALUES(5,'账号自助-是否开启用户注册功能','sys.account.registerUser','false','Y','admin','2025-02-10 10:58:33','',null,'是否开启注册用户功能（true开启，false关闭）');
INSERT INTO "ANALYSIS_PLATFORM"."SYS_CONFIG"("CONFIG_ID","CONFIG_NAME","CONFIG_KEY","CONFIG_VALUE","CONFIG_TYPE","CREATE_BY","CREATE_TIME","UPDATE_BY","UPDATE_TIME","REMARK")
VALUES(6,'用户登录-黑名单列表','sys.login.blackIPList','','Y','admin','2025-02-10 10:58:33','',null,'设置登录IP黑名单限制，多个匹配项以;分隔，支持匹配（*通配、网段）');
INSERT INTO "ANALYSIS_PLATFORM"."SYS_CONFIG"("CONFIG_ID","CONFIG_NAME","CONFIG_KEY","CONFIG_VALUE","CONFIG_TYPE","CREATE_BY","CREATE_TIME","UPDATE_BY","UPDATE_TIME","REMARK")
VALUES(7,'用户管理-初始密码修改策略','sys.account.initPasswordModify','1','Y','admin','2025-09-17 13:27:10','',null,'0：初始密码修改策略关闭，没有任何提示，1：提醒用户，如果未修改初始密码，则在登录时就会提醒修改密码对话框');
INSERT INTO "ANALYSIS_PLATFORM"."SYS_CONFIG"("CONFIG_ID","CONFIG_NAME","CONFIG_KEY","CONFIG_VALUE","CONFIG_TYPE","CREATE_BY","CREATE_TIME","UPDATE_BY","UPDATE_TIME","REMARK")
VALUES(8,'用户管理-账号密码更新周期','sys.account.passwordValidateDays','0','Y','admin','2025-09-17 13:27:10','',null,'密码更新周期（填写数字，数据初始化值为0不限制，若修改必须为大于0小于365的正整数），如果超过这个周期登录系统时，则在登录时就会提醒修改密码对话框');
SET IDENTITY_INSERT ANALYSIS_PLATFORM.SYS_CONFIG OFF;

-- ----------------------------
-- 9、部门表
-- ----------------------------
CREATE TABLE "ANALYSIS_PLATFORM"."SYS_DEPT"
(
    "DEPT_ID" BIGINT IDENTITY(1, 1) NOT NULL,
    "PARENT_ID" BIGINT DEFAULT 0,
    "ANCESTORS" VARCHAR(50) DEFAULT '',
    "DEPT_NAME" VARCHAR(30) DEFAULT '',
    "ORDER_NUM" INT DEFAULT 0,
    "LEADER" VARCHAR(20),
    "PHONE" VARCHAR(11),
    "EMAIL" VARCHAR(50),
    "STATUS" CHAR(1) DEFAULT '0',
    "DEL_FLAG" CHAR(1) DEFAULT '0',
    "CREATE_BY" VARCHAR(64) DEFAULT '',
    "CREATE_TIME" TIMESTAMP(0),
    "UPDATE_BY" VARCHAR(64) DEFAULT '',
    "UPDATE_TIME" TIMESTAMP(0),
    NOT CLUSTER PRIMARY KEY("DEPT_ID")) STORAGE(ON "MAIN", CLUSTERBTR) ;
COMMENT ON TABLE "ANALYSIS_PLATFORM"."SYS_DEPT" IS '部门表';
COMMENT ON COLUMN "ANALYSIS_PLATFORM"."SYS_DEPT"."DEPT_ID" IS '部门id';
COMMENT ON COLUMN "ANALYSIS_PLATFORM"."SYS_DEPT"."PARENT_ID" IS '父部门id';
COMMENT ON COLUMN "ANALYSIS_PLATFORM"."SYS_DEPT"."ANCESTORS" IS '祖级列表';
COMMENT ON COLUMN "ANALYSIS_PLATFORM"."SYS_DEPT"."DEPT_NAME" IS '部门名称';
COMMENT ON COLUMN "ANALYSIS_PLATFORM"."SYS_DEPT"."ORDER_NUM" IS '显示顺序';
COMMENT ON COLUMN "ANALYSIS_PLATFORM"."SYS_DEPT"."LEADER" IS '负责人';
COMMENT ON COLUMN "ANALYSIS_PLATFORM"."SYS_DEPT"."PHONE" IS '联系电话';
COMMENT ON COLUMN "ANALYSIS_PLATFORM"."SYS_DEPT"."EMAIL" IS '邮箱';
COMMENT ON COLUMN "ANALYSIS_PLATFORM"."SYS_DEPT"."STATUS" IS '部门状态（0正常 1停用）';
COMMENT ON COLUMN "ANALYSIS_PLATFORM"."SYS_DEPT"."DEL_FLAG" IS '删除标志（0代表存在 2代表删除）';
COMMENT ON COLUMN "ANALYSIS_PLATFORM"."SYS_DEPT"."CREATE_BY" IS '创建者';
COMMENT ON COLUMN "ANALYSIS_PLATFORM"."SYS_DEPT"."CREATE_TIME" IS '创建时间';
COMMENT ON COLUMN "ANALYSIS_PLATFORM"."SYS_DEPT"."UPDATE_BY" IS '更新者';
COMMENT ON COLUMN "ANALYSIS_PLATFORM"."SYS_DEPT"."UPDATE_TIME" IS '更新时间';
SET IDENTITY_INSERT ANALYSIS_PLATFORM.SYS_DEPT ON;
INSERT INTO "ANALYSIS_PLATFORM"."SYS_DEPT"("DEPT_ID","PARENT_ID","ANCESTORS","DEPT_NAME","ORDER_NUM","LEADER","PHONE","EMAIL","STATUS","DEL_FLAG","CREATE_BY","CREATE_TIME","UPDATE_BY","UPDATE_TIME")
VALUES(1,0,'0','超级',0,'超级管理员','15888888888','ry@qq.com','0','0','admin','2025-02-10 10:58:02','admin','2025-12-25 15:49:15');
INSERT INTO "ANALYSIS_PLATFORM"."SYS_DEPT"("DEPT_ID","PARENT_ID","ANCESTORS","DEPT_NAME","ORDER_NUM","LEADER","PHONE","EMAIL","STATUS","DEL_FLAG","CREATE_BY","CREATE_TIME","UPDATE_BY","UPDATE_TIME")
VALUES(2,100,'0,100','深圳总公司',1,'若依','15888888888','ry@qq.com','0','0','admin','2025-02-10 10:58:02','',null);
INSERT INTO "ANALYSIS_PLATFORM"."SYS_DEPT"("DEPT_ID","PARENT_ID","ANCESTORS","DEPT_NAME","ORDER_NUM","LEADER","PHONE","EMAIL","STATUS","DEL_FLAG","CREATE_BY","CREATE_TIME","UPDATE_BY","UPDATE_TIME")
VALUES(3,100,'0,100','长沙分公司',2,'若依','15888888888','ry@qq.com','0','0','admin','2025-02-10 10:58:03','',null);
INSERT INTO "ANALYSIS_PLATFORM"."SYS_DEPT"("DEPT_ID","PARENT_ID","ANCESTORS","DEPT_NAME","ORDER_NUM","LEADER","PHONE","EMAIL","STATUS","DEL_FLAG","CREATE_BY","CREATE_TIME","UPDATE_BY","UPDATE_TIME")
VALUES(4,101,'0,100,101','研发部门',1,'若依','15888888888','ry@qq.com','0','0','admin','2025-02-10 10:58:03','',null);
INSERT INTO "ANALYSIS_PLATFORM"."SYS_DEPT"("DEPT_ID","PARENT_ID","ANCESTORS","DEPT_NAME","ORDER_NUM","LEADER","PHONE","EMAIL","STATUS","DEL_FLAG","CREATE_BY","CREATE_TIME","UPDATE_BY","UPDATE_TIME")
VALUES(5,101,'0,100,101','市场部门',2,'若依','15888888888','ry@qq.com','0','0','admin','2025-02-10 10:58:03','',null);
INSERT INTO "ANALYSIS_PLATFORM"."SYS_DEPT"("DEPT_ID","PARENT_ID","ANCESTORS","DEPT_NAME","ORDER_NUM","LEADER","PHONE","EMAIL","STATUS","DEL_FLAG","CREATE_BY","CREATE_TIME","UPDATE_BY","UPDATE_TIME")
VALUES(6,101,'0,100,101','测试部门',3,'若依','15888888888','ry@qq.com','0','0','admin','2025-02-10 10:58:03','',null);
INSERT INTO "ANALYSIS_PLATFORM"."SYS_DEPT"("DEPT_ID","PARENT_ID","ANCESTORS","DEPT_NAME","ORDER_NUM","LEADER","PHONE","EMAIL","STATUS","DEL_FLAG","CREATE_BY","CREATE_TIME","UPDATE_BY","UPDATE_TIME")
VALUES(7,101,'0,100,101','财务部门',4,'若依','15888888888','ry@qq.com','0','0','admin','2025-02-10 10:58:03','',null);
INSERT INTO "ANALYSIS_PLATFORM"."SYS_DEPT"("DEPT_ID","PARENT_ID","ANCESTORS","DEPT_NAME","ORDER_NUM","LEADER","PHONE","EMAIL","STATUS","DEL_FLAG","CREATE_BY","CREATE_TIME","UPDATE_BY","UPDATE_TIME")
VALUES(8,101,'0,100,101','运维部门',5,'若依','15888888888','ry@qq.com','0','0','admin','2025-02-10 10:58:03','',null);
INSERT INTO "ANALYSIS_PLATFORM"."SYS_DEPT"("DEPT_ID","PARENT_ID","ANCESTORS","DEPT_NAME","ORDER_NUM","LEADER","PHONE","EMAIL","STATUS","DEL_FLAG","CREATE_BY","CREATE_TIME","UPDATE_BY","UPDATE_TIME")
VALUES(9,102,'0,100,102','市场部门',1,'若依','15888888888','ry@qq.com','0','0','admin','2025-02-10 10:58:04','',null);
INSERT INTO "ANALYSIS_PLATFORM"."SYS_DEPT"("DEPT_ID","PARENT_ID","ANCESTORS","DEPT_NAME","ORDER_NUM","LEADER","PHONE","EMAIL","STATUS","DEL_FLAG","CREATE_BY","CREATE_TIME","UPDATE_BY","UPDATE_TIME")
VALUES(10,102,'0,100,102','财务部门',2,'若依','15888888888','ry@qq.com','0','0','admin','2025-02-10 10:58:04','',null);
SET IDENTITY_INSERT ANALYSIS_PLATFORM.SYS_DEPT OFF;


-- ----------------------------
-- 10、字典数据表
-- ----------------------------
CREATE TABLE "ANALYSIS_PLATFORM"."SYS_DICT_DATA"
(
    "DICT_CODE" BIGINT IDENTITY(1, 1) NOT NULL,
    "DICT_SORT" INT DEFAULT 0,
    "DICT_LABEL" VARCHAR(100) DEFAULT '',
    "DICT_VALUE" VARCHAR(100) DEFAULT '',
    "DICT_TYPE" VARCHAR(100) DEFAULT '',
    "CSS_CLASS" VARCHAR(100),
    "LIST_CLASS" VARCHAR(100),
    "IS_DEFAULT" CHAR(1) DEFAULT 'N',
    "STATUS" CHAR(1) DEFAULT '0',
    "CREATE_BY" VARCHAR(64) DEFAULT '',
    "CREATE_TIME" TIMESTAMP(0),
    "UPDATE_BY" VARCHAR(64) DEFAULT '',
    "UPDATE_TIME" TIMESTAMP(0),
    "REMARK" VARCHAR(500),
    NOT CLUSTER PRIMARY KEY("DICT_CODE")) STORAGE(ON "MAIN", CLUSTERBTR) ;
COMMENT ON TABLE "ANALYSIS_PLATFORM"."SYS_DICT_DATA" IS '字典数据表';
COMMENT ON COLUMN "ANALYSIS_PLATFORM"."SYS_DICT_DATA"."DICT_CODE" IS '字典编码';
COMMENT ON COLUMN "ANALYSIS_PLATFORM"."SYS_DICT_DATA"."DICT_SORT" IS '字典排序';
COMMENT ON COLUMN "ANALYSIS_PLATFORM"."SYS_DICT_DATA"."DICT_LABEL" IS '字典标签';
COMMENT ON COLUMN "ANALYSIS_PLATFORM"."SYS_DICT_DATA"."DICT_VALUE" IS '字典键值';
COMMENT ON COLUMN "ANALYSIS_PLATFORM"."SYS_DICT_DATA"."DICT_TYPE" IS '字典类型';
COMMENT ON COLUMN "ANALYSIS_PLATFORM"."SYS_DICT_DATA"."CSS_CLASS" IS '样式属性（其他样式扩展）';
COMMENT ON COLUMN "ANALYSIS_PLATFORM"."SYS_DICT_DATA"."LIST_CLASS" IS '表格回显样式';
COMMENT ON COLUMN "ANALYSIS_PLATFORM"."SYS_DICT_DATA"."IS_DEFAULT" IS '是否默认（Y是 N否）';
COMMENT ON COLUMN "ANALYSIS_PLATFORM"."SYS_DICT_DATA"."STATUS" IS '状态（0正常 1停用）';
COMMENT ON COLUMN "ANALYSIS_PLATFORM"."SYS_DICT_DATA"."CREATE_BY" IS '创建者';
COMMENT ON COLUMN "ANALYSIS_PLATFORM"."SYS_DICT_DATA"."CREATE_TIME" IS '创建时间';
COMMENT ON COLUMN "ANALYSIS_PLATFORM"."SYS_DICT_DATA"."UPDATE_BY" IS '更新者';
COMMENT ON COLUMN "ANALYSIS_PLATFORM"."SYS_DICT_DATA"."UPDATE_TIME" IS '更新时间';
COMMENT ON COLUMN "ANALYSIS_PLATFORM"."SYS_DICT_DATA"."REMARK" IS '备注';
SET IDENTITY_INSERT ANALYSIS_PLATFORM.SYS_DICT_DATA ON;
INSERT INTO "ANALYSIS_PLATFORM"."SYS_DICT_DATA"("DICT_CODE","DICT_SORT","DICT_LABEL","DICT_VALUE","DICT_TYPE","CSS_CLASS","LIST_CLASS","IS_DEFAULT","STATUS","CREATE_BY","CREATE_TIME","UPDATE_BY","UPDATE_TIME","REMARK")
VALUES(1,1,'男','0','sys_user_sex','','','Y','0','admin','2025-02-10 10:58:29','',null,'性别男');
INSERT INTO "ANALYSIS_PLATFORM"."SYS_DICT_DATA"("DICT_CODE","DICT_SORT","DICT_LABEL","DICT_VALUE","DICT_TYPE","CSS_CLASS","LIST_CLASS","IS_DEFAULT","STATUS","CREATE_BY","CREATE_TIME","UPDATE_BY","UPDATE_TIME","REMARK")
VALUES(2,2,'女','1','sys_user_sex','','','N','0','admin','2025-02-10 10:58:29','',null,'性别女');
INSERT INTO "ANALYSIS_PLATFORM"."SYS_DICT_DATA"("DICT_CODE","DICT_SORT","DICT_LABEL","DICT_VALUE","DICT_TYPE","CSS_CLASS","LIST_CLASS","IS_DEFAULT","STATUS","CREATE_BY","CREATE_TIME","UPDATE_BY","UPDATE_TIME","REMARK")
VALUES(3,3,'未知','2','sys_user_sex','','','N','0','admin','2025-02-10 10:58:29','',null,'性别未知');
INSERT INTO "ANALYSIS_PLATFORM"."SYS_DICT_DATA"("DICT_CODE","DICT_SORT","DICT_LABEL","DICT_VALUE","DICT_TYPE","CSS_CLASS","LIST_CLASS","IS_DEFAULT","STATUS","CREATE_BY","CREATE_TIME","UPDATE_BY","UPDATE_TIME","REMARK")
VALUES(4,1,'显示','0','sys_show_hide','','primary','Y','0','admin','2025-02-10 10:58:30','',null,'显示菜单');
INSERT INTO "ANALYSIS_PLATFORM"."SYS_DICT_DATA"("DICT_CODE","DICT_SORT","DICT_LABEL","DICT_VALUE","DICT_TYPE","CSS_CLASS","LIST_CLASS","IS_DEFAULT","STATUS","CREATE_BY","CREATE_TIME","UPDATE_BY","UPDATE_TIME","REMARK")
VALUES(5,2,'隐藏','1','sys_show_hide','','danger','N','0','admin','2025-02-10 10:58:30','',null,'隐藏菜单');
INSERT INTO "ANALYSIS_PLATFORM"."SYS_DICT_DATA"("DICT_CODE","DICT_SORT","DICT_LABEL","DICT_VALUE","DICT_TYPE","CSS_CLASS","LIST_CLASS","IS_DEFAULT","STATUS","CREATE_BY","CREATE_TIME","UPDATE_BY","UPDATE_TIME","REMARK")
VALUES(6,1,'正常','0','sys_normal_disable','','primary','Y','0','admin','2025-02-10 10:58:30','',null,'正常状态');
INSERT INTO "ANALYSIS_PLATFORM"."SYS_DICT_DATA"("DICT_CODE","DICT_SORT","DICT_LABEL","DICT_VALUE","DICT_TYPE","CSS_CLASS","LIST_CLASS","IS_DEFAULT","STATUS","CREATE_BY","CREATE_TIME","UPDATE_BY","UPDATE_TIME","REMARK")
VALUES(7,2,'停用','1','sys_normal_disable','','danger','N','0','admin','2025-02-10 10:58:30','',null,'停用状态');
INSERT INTO "ANALYSIS_PLATFORM"."SYS_DICT_DATA"("DICT_CODE","DICT_SORT","DICT_LABEL","DICT_VALUE","DICT_TYPE","CSS_CLASS","LIST_CLASS","IS_DEFAULT","STATUS","CREATE_BY","CREATE_TIME","UPDATE_BY","UPDATE_TIME","REMARK")
VALUES(8,1,'正常','0','sys_job_status','','primary','Y','0','admin','2025-02-10 10:58:30','',null,'正常状态');
INSERT INTO "ANALYSIS_PLATFORM"."SYS_DICT_DATA"("DICT_CODE","DICT_SORT","DICT_LABEL","DICT_VALUE","DICT_TYPE","CSS_CLASS","LIST_CLASS","IS_DEFAULT","STATUS","CREATE_BY","CREATE_TIME","UPDATE_BY","UPDATE_TIME","REMARK")
VALUES(9,2,'暂停','1','sys_job_status','','danger','N','0','admin','2025-02-10 10:58:30','',null,'停用状态');
INSERT INTO "ANALYSIS_PLATFORM"."SYS_DICT_DATA"("DICT_CODE","DICT_SORT","DICT_LABEL","DICT_VALUE","DICT_TYPE","CSS_CLASS","LIST_CLASS","IS_DEFAULT","STATUS","CREATE_BY","CREATE_TIME","UPDATE_BY","UPDATE_TIME","REMARK")
VALUES(10,1,'默认','DEFAULT','sys_job_group','','','Y','0','admin','2025-02-10 10:58:30','',null,'默认分组');
INSERT INTO "ANALYSIS_PLATFORM"."SYS_DICT_DATA"("DICT_CODE","DICT_SORT","DICT_LABEL","DICT_VALUE","DICT_TYPE","CSS_CLASS","LIST_CLASS","IS_DEFAULT","STATUS","CREATE_BY","CREATE_TIME","UPDATE_BY","UPDATE_TIME","REMARK")
VALUES(11,2,'系统','SYSTEM','sys_job_group','','','N','0','admin','2025-02-10 10:58:30','',null,'系统分组');
INSERT INTO "ANALYSIS_PLATFORM"."SYS_DICT_DATA"("DICT_CODE","DICT_SORT","DICT_LABEL","DICT_VALUE","DICT_TYPE","CSS_CLASS","LIST_CLASS","IS_DEFAULT","STATUS","CREATE_BY","CREATE_TIME","UPDATE_BY","UPDATE_TIME","REMARK")
VALUES(12,1,'是','Y','sys_yes_no','','primary','Y','0','admin','2025-02-10 10:58:30','',null,'系统默认是');
INSERT INTO "ANALYSIS_PLATFORM"."SYS_DICT_DATA"("DICT_CODE","DICT_SORT","DICT_LABEL","DICT_VALUE","DICT_TYPE","CSS_CLASS","LIST_CLASS","IS_DEFAULT","STATUS","CREATE_BY","CREATE_TIME","UPDATE_BY","UPDATE_TIME","REMARK")
VALUES(13,2,'否','N','sys_yes_no','','danger','N','0','admin','2025-02-10 10:58:30','',null,'系统默认否');
INSERT INTO "ANALYSIS_PLATFORM"."SYS_DICT_DATA"("DICT_CODE","DICT_SORT","DICT_LABEL","DICT_VALUE","DICT_TYPE","CSS_CLASS","LIST_CLASS","IS_DEFAULT","STATUS","CREATE_BY","CREATE_TIME","UPDATE_BY","UPDATE_TIME","REMARK")
VALUES(14,1,'通知','1','sys_notice_type','','warning','Y','0','admin','2025-02-10 10:58:30','',null,'通知');
INSERT INTO "ANALYSIS_PLATFORM"."SYS_DICT_DATA"("DICT_CODE","DICT_SORT","DICT_LABEL","DICT_VALUE","DICT_TYPE","CSS_CLASS","LIST_CLASS","IS_DEFAULT","STATUS","CREATE_BY","CREATE_TIME","UPDATE_BY","UPDATE_TIME","REMARK")
VALUES(15,2,'公告','2','sys_notice_type','','success','N','0','admin','2025-02-10 10:58:31','',null,'公告');
INSERT INTO "ANALYSIS_PLATFORM"."SYS_DICT_DATA"("DICT_CODE","DICT_SORT","DICT_LABEL","DICT_VALUE","DICT_TYPE","CSS_CLASS","LIST_CLASS","IS_DEFAULT","STATUS","CREATE_BY","CREATE_TIME","UPDATE_BY","UPDATE_TIME","REMARK")
VALUES(16,1,'正常','0','sys_notice_status','','primary','Y','0','admin','2025-02-10 10:58:31','',null,'正常状态');
INSERT INTO "ANALYSIS_PLATFORM"."SYS_DICT_DATA"("DICT_CODE","DICT_SORT","DICT_LABEL","DICT_VALUE","DICT_TYPE","CSS_CLASS","LIST_CLASS","IS_DEFAULT","STATUS","CREATE_BY","CREATE_TIME","UPDATE_BY","UPDATE_TIME","REMARK")
VALUES(17,2,'关闭','1','sys_notice_status','','danger','N','0','admin','2025-02-10 10:58:31','',null,'关闭状态');
INSERT INTO "ANALYSIS_PLATFORM"."SYS_DICT_DATA"("DICT_CODE","DICT_SORT","DICT_LABEL","DICT_VALUE","DICT_TYPE","CSS_CLASS","LIST_CLASS","IS_DEFAULT","STATUS","CREATE_BY","CREATE_TIME","UPDATE_BY","UPDATE_TIME","REMARK")
VALUES(18,99,'其他','0','sys_oper_type','','info','N','0','admin','2025-02-10 10:58:31','',null,'其他操作');
INSERT INTO "ANALYSIS_PLATFORM"."SYS_DICT_DATA"("DICT_CODE","DICT_SORT","DICT_LABEL","DICT_VALUE","DICT_TYPE","CSS_CLASS","LIST_CLASS","IS_DEFAULT","STATUS","CREATE_BY","CREATE_TIME","UPDATE_BY","UPDATE_TIME","REMARK")
VALUES(19,1,'新增','1','sys_oper_type','','info','N','0','admin','2025-02-10 10:58:31','',null,'新增操作');
INSERT INTO "ANALYSIS_PLATFORM"."SYS_DICT_DATA"("DICT_CODE","DICT_SORT","DICT_LABEL","DICT_VALUE","DICT_TYPE","CSS_CLASS","LIST_CLASS","IS_DEFAULT","STATUS","CREATE_BY","CREATE_TIME","UPDATE_BY","UPDATE_TIME","REMARK")
VALUES(20,2,'修改','2','sys_oper_type','','info','N','0','admin','2025-02-10 10:58:31','',null,'修改操作');
INSERT INTO "ANALYSIS_PLATFORM"."SYS_DICT_DATA"("DICT_CODE","DICT_SORT","DICT_LABEL","DICT_VALUE","DICT_TYPE","CSS_CLASS","LIST_CLASS","IS_DEFAULT","STATUS","CREATE_BY","CREATE_TIME","UPDATE_BY","UPDATE_TIME","REMARK")
VALUES(21,3,'删除','3','sys_oper_type','','danger','N','0','admin','2025-02-10 10:58:31','',null,'删除操作');
INSERT INTO "ANALYSIS_PLATFORM"."SYS_DICT_DATA"("DICT_CODE","DICT_SORT","DICT_LABEL","DICT_VALUE","DICT_TYPE","CSS_CLASS","LIST_CLASS","IS_DEFAULT","STATUS","CREATE_BY","CREATE_TIME","UPDATE_BY","UPDATE_TIME","REMARK")
VALUES(22,4,'授权','4','sys_oper_type','','primary','N','0','admin','2025-02-10 10:58:31','',null,'授权操作');
INSERT INTO "ANALYSIS_PLATFORM"."SYS_DICT_DATA"("DICT_CODE","DICT_SORT","DICT_LABEL","DICT_VALUE","DICT_TYPE","CSS_CLASS","LIST_CLASS","IS_DEFAULT","STATUS","CREATE_BY","CREATE_TIME","UPDATE_BY","UPDATE_TIME","REMARK")
VALUES(23,5,'导出','5','sys_oper_type','','warning','N','0','admin','2025-02-10 10:58:31','',null,'导出操作');
INSERT INTO "ANALYSIS_PLATFORM"."SYS_DICT_DATA"("DICT_CODE","DICT_SORT","DICT_LABEL","DICT_VALUE","DICT_TYPE","CSS_CLASS","LIST_CLASS","IS_DEFAULT","STATUS","CREATE_BY","CREATE_TIME","UPDATE_BY","UPDATE_TIME","REMARK")
VALUES(24,6,'导入','6','sys_oper_type','','warning','N','0','admin','2025-02-10 10:58:32','',null,'导入操作');
INSERT INTO "ANALYSIS_PLATFORM"."SYS_DICT_DATA"("DICT_CODE","DICT_SORT","DICT_LABEL","DICT_VALUE","DICT_TYPE","CSS_CLASS","LIST_CLASS","IS_DEFAULT","STATUS","CREATE_BY","CREATE_TIME","UPDATE_BY","UPDATE_TIME","REMARK")
VALUES(25,7,'强退','7','sys_oper_type','','danger','N','0','admin','2025-02-10 10:58:32','',null,'强退操作');
INSERT INTO "ANALYSIS_PLATFORM"."SYS_DICT_DATA"("DICT_CODE","DICT_SORT","DICT_LABEL","DICT_VALUE","DICT_TYPE","CSS_CLASS","LIST_CLASS","IS_DEFAULT","STATUS","CREATE_BY","CREATE_TIME","UPDATE_BY","UPDATE_TIME","REMARK")
VALUES(26,8,'生成代码','8','sys_oper_type','','warning','N','0','admin','2025-02-10 10:58:32','',null,'生成操作');
INSERT INTO "ANALYSIS_PLATFORM"."SYS_DICT_DATA"("DICT_CODE","DICT_SORT","DICT_LABEL","DICT_VALUE","DICT_TYPE","CSS_CLASS","LIST_CLASS","IS_DEFAULT","STATUS","CREATE_BY","CREATE_TIME","UPDATE_BY","UPDATE_TIME","REMARK")
VALUES(27,9,'清空数据','9','sys_oper_type','','danger','N','0','admin','2025-02-10 10:58:32','',null,'清空操作');
INSERT INTO "ANALYSIS_PLATFORM"."SYS_DICT_DATA"("DICT_CODE","DICT_SORT","DICT_LABEL","DICT_VALUE","DICT_TYPE","CSS_CLASS","LIST_CLASS","IS_DEFAULT","STATUS","CREATE_BY","CREATE_TIME","UPDATE_BY","UPDATE_TIME","REMARK")
VALUES(28,1,'成功','0','sys_common_status','','primary','N','0','admin','2025-02-10 10:58:32','',null,'正常状态');
INSERT INTO "ANALYSIS_PLATFORM"."SYS_DICT_DATA"("DICT_CODE","DICT_SORT","DICT_LABEL","DICT_VALUE","DICT_TYPE","CSS_CLASS","LIST_CLASS","IS_DEFAULT","STATUS","CREATE_BY","CREATE_TIME","UPDATE_BY","UPDATE_TIME","REMARK")
VALUES(29,2,'失败','1','sys_common_status','','danger','N','0','admin','2025-02-10 10:58:32','',null,'停用状态');
INSERT INTO "ANALYSIS_PLATFORM"."SYS_DICT_DATA"("DICT_CODE","DICT_SORT","DICT_LABEL","DICT_VALUE","DICT_TYPE","CSS_CLASS","LIST_CLASS","IS_DEFAULT","STATUS","CREATE_BY","CREATE_TIME","UPDATE_BY","UPDATE_TIME","REMARK")
VALUES(30,0,'货运线作业台','货运线作业台','tracker_beacon_type',null,'default','N','0','admin','2025-09-15 17:36:33','',null,null);
INSERT INTO "ANALYSIS_PLATFORM"."SYS_DICT_DATA"("DICT_CODE","DICT_SORT","DICT_LABEL","DICT_VALUE","DICT_TYPE","CSS_CLASS","LIST_CLASS","IS_DEFAULT","STATUS","CREATE_BY","CREATE_TIME","UPDATE_BY","UPDATE_TIME","REMARK")
VALUES(31,1,'交通车','交通车','tracker_beacon_type',null,'default','N','0','admin','2025-09-15 17:36:57','admin','2025-09-15 17:37:07',null);
INSERT INTO "ANALYSIS_PLATFORM"."SYS_DICT_DATA"("DICT_CODE","DICT_SORT","DICT_LABEL","DICT_VALUE","DICT_TYPE","CSS_CLASS","LIST_CLASS","IS_DEFAULT","STATUS","CREATE_BY","CREATE_TIME","UPDATE_BY","UPDATE_TIME","REMARK")
VALUES(32,2,'板车作业区','板车作业区','tracker_beacon_type',null,'default','N','0','admin','2025-09-15 17:37:26','',null,null);
INSERT INTO "ANALYSIS_PLATFORM"."SYS_DICT_DATA"("DICT_CODE","DICT_SORT","DICT_LABEL","DICT_VALUE","DICT_TYPE","CSS_CLASS","LIST_CLASS","IS_DEFAULT","STATUS","CREATE_BY","CREATE_TIME","UPDATE_BY","UPDATE_TIME","REMARK")
VALUES(33,0,'火车卸车','0','job_type',null,'default','N','0','admin','2025-10-20 10:22:00','',null,null);
INSERT INTO "ANALYSIS_PLATFORM"."SYS_DICT_DATA"("DICT_CODE","DICT_SORT","DICT_LABEL","DICT_VALUE","DICT_TYPE","CSS_CLASS","LIST_CLASS","IS_DEFAULT","STATUS","CREATE_BY","CREATE_TIME","UPDATE_BY","UPDATE_TIME","REMARK")
VALUES(34,0,'火车装车','1','job_type',null,'default','N','0','admin','2025-10-20 10:22:14','',null,null);
INSERT INTO "ANALYSIS_PLATFORM"."SYS_DICT_DATA"("DICT_CODE","DICT_SORT","DICT_LABEL","DICT_VALUE","DICT_TYPE","CSS_CLASS","LIST_CLASS","IS_DEFAULT","STATUS","CREATE_BY","CREATE_TIME","UPDATE_BY","UPDATE_TIME","REMARK")
VALUES(35,0,'板车卸车','2','job_type',null,'default','N','0','admin','2025-10-20 10:22:34','',null,null);
INSERT INTO "ANALYSIS_PLATFORM"."SYS_DICT_DATA"("DICT_CODE","DICT_SORT","DICT_LABEL","DICT_VALUE","DICT_TYPE","CSS_CLASS","LIST_CLASS","IS_DEFAULT","STATUS","CREATE_BY","CREATE_TIME","UPDATE_BY","UPDATE_TIME","REMARK")
VALUES(36,0,'板车装车','3','job_type',null,'default','N','0','admin','2025-10-20 10:22:43','',null,null);
INSERT INTO "ANALYSIS_PLATFORM"."SYS_DICT_DATA"("DICT_CODE","DICT_SORT","DICT_LABEL","DICT_VALUE","DICT_TYPE","CSS_CLASS","LIST_CLASS","IS_DEFAULT","STATUS","CREATE_BY","CREATE_TIME","UPDATE_BY","UPDATE_TIME","REMARK")
VALUES(37,0,'地跑入库','4','job_type',null,'default','N','0','admin','2025-10-20 10:22:56','',null,null);
INSERT INTO "ANALYSIS_PLATFORM"."SYS_DICT_DATA"("DICT_CODE","DICT_SORT","DICT_LABEL","DICT_VALUE","DICT_TYPE","CSS_CLASS","LIST_CLASS","IS_DEFAULT","STATUS","CREATE_BY","CREATE_TIME","UPDATE_BY","UPDATE_TIME","REMARK")
VALUES(38,0,'地跑出库','5','job_type',null,'default','N','0','admin','2025-10-20 10:23:09','',null,null);
INSERT INTO "ANALYSIS_PLATFORM"."SYS_DICT_DATA"("DICT_CODE","DICT_SORT","DICT_LABEL","DICT_VALUE","DICT_TYPE","CSS_CLASS","LIST_CLASS","IS_DEFAULT","STATUS","CREATE_BY","CREATE_TIME","UPDATE_BY","UPDATE_TIME","REMARK")
VALUES(39,3,'地跑','地跑','tracker_beacon_type',null,'default','N','0','admin','2025-11-14 10:30:05','admin','2025-11-14 10:30:12',null);
SET IDENTITY_INSERT ANALYSIS_PLATFORM.SYS_DICT_DATA OFF;


-- ----------------------------
-- 11、字典类型表
-- ----------------------------
CREATE TABLE "ANALYSIS_PLATFORM"."SYS_DICT_TYPE"
(
    "DICT_ID" BIGINT IDENTITY(1, 1) NOT NULL,
    "DICT_NAME" VARCHAR(100) DEFAULT '',
    "DICT_TYPE" VARCHAR(100) DEFAULT '',
    "STATUS" CHAR(1) DEFAULT '0',
    "CREATE_BY" VARCHAR(64) DEFAULT '',
    "CREATE_TIME" TIMESTAMP(0),
    "UPDATE_BY" VARCHAR(64) DEFAULT '',
    "UPDATE_TIME" TIMESTAMP(0),
    "REMARK" VARCHAR(500),
    NOT CLUSTER PRIMARY KEY("DICT_ID"),
    CONSTRAINT "DICT_TYPE" UNIQUE("DICT_TYPE")) STORAGE(ON "MAIN", CLUSTERBTR) ;
COMMENT ON TABLE "ANALYSIS_PLATFORM"."SYS_DICT_TYPE" IS '字典类型表';
COMMENT ON COLUMN "ANALYSIS_PLATFORM"."SYS_DICT_TYPE"."DICT_ID" IS '字典主键';
COMMENT ON COLUMN "ANALYSIS_PLATFORM"."SYS_DICT_TYPE"."DICT_NAME" IS '字典名称';
COMMENT ON COLUMN "ANALYSIS_PLATFORM"."SYS_DICT_TYPE"."DICT_TYPE" IS '字典类型';
COMMENT ON COLUMN "ANALYSIS_PLATFORM"."SYS_DICT_TYPE"."STATUS" IS '状态（0正常 1停用）';
COMMENT ON COLUMN "ANALYSIS_PLATFORM"."SYS_DICT_TYPE"."CREATE_BY" IS '创建者';
COMMENT ON COLUMN "ANALYSIS_PLATFORM"."SYS_DICT_TYPE"."CREATE_TIME" IS '创建时间';
COMMENT ON COLUMN "ANALYSIS_PLATFORM"."SYS_DICT_TYPE"."UPDATE_BY" IS '更新者';
COMMENT ON COLUMN "ANALYSIS_PLATFORM"."SYS_DICT_TYPE"."UPDATE_TIME" IS '更新时间';
COMMENT ON COLUMN "ANALYSIS_PLATFORM"."SYS_DICT_TYPE"."REMARK" IS '备注';
SET IDENTITY_INSERT ANALYSIS_PLATFORM.SYS_DICT_TYPE ON;
INSERT INTO "ANALYSIS_PLATFORM"."SYS_DICT_TYPE"("DICT_ID","DICT_NAME","DICT_TYPE","STATUS","CREATE_BY","CREATE_TIME","UPDATE_BY","UPDATE_TIME","REMARK")
VALUES(1,'用户性别','sys_user_sex','0','admin','2025-02-10 10:58:27','',null,'用户性别列表');
INSERT INTO "ANALYSIS_PLATFORM"."SYS_DICT_TYPE"("DICT_ID","DICT_NAME","DICT_TYPE","STATUS","CREATE_BY","CREATE_TIME","UPDATE_BY","UPDATE_TIME","REMARK")
VALUES(2,'菜单状态','sys_show_hide','0','admin','2025-02-10 10:58:28','',null,'菜单状态列表');
INSERT INTO "ANALYSIS_PLATFORM"."SYS_DICT_TYPE"("DICT_ID","DICT_NAME","DICT_TYPE","STATUS","CREATE_BY","CREATE_TIME","UPDATE_BY","UPDATE_TIME","REMARK")
VALUES(3,'系统开关','sys_normal_disable','0','admin','2025-02-10 10:58:28','',null,'系统开关列表');
INSERT INTO "ANALYSIS_PLATFORM"."SYS_DICT_TYPE"("DICT_ID","DICT_NAME","DICT_TYPE","STATUS","CREATE_BY","CREATE_TIME","UPDATE_BY","UPDATE_TIME","REMARK")
VALUES(4,'任务状态','sys_job_status','0','admin','2025-02-10 10:58:28','',null,'任务状态列表');
INSERT INTO "ANALYSIS_PLATFORM"."SYS_DICT_TYPE"("DICT_ID","DICT_NAME","DICT_TYPE","STATUS","CREATE_BY","CREATE_TIME","UPDATE_BY","UPDATE_TIME","REMARK")
VALUES(5,'任务分组','sys_job_group','0','admin','2025-02-10 10:58:28','',null,'任务分组列表');
INSERT INTO "ANALYSIS_PLATFORM"."SYS_DICT_TYPE"("DICT_ID","DICT_NAME","DICT_TYPE","STATUS","CREATE_BY","CREATE_TIME","UPDATE_BY","UPDATE_TIME","REMARK")
VALUES(6,'系统是否','sys_yes_no','0','admin','2025-02-10 10:58:28','',null,'系统是否列表');
INSERT INTO "ANALYSIS_PLATFORM"."SYS_DICT_TYPE"("DICT_ID","DICT_NAME","DICT_TYPE","STATUS","CREATE_BY","CREATE_TIME","UPDATE_BY","UPDATE_TIME","REMARK")
VALUES(7,'通知类型','sys_notice_type','0','admin','2025-02-10 10:58:28','',null,'通知类型列表');
INSERT INTO "ANALYSIS_PLATFORM"."SYS_DICT_TYPE"("DICT_ID","DICT_NAME","DICT_TYPE","STATUS","CREATE_BY","CREATE_TIME","UPDATE_BY","UPDATE_TIME","REMARK")
VALUES(8,'通知状态','sys_notice_status','0','admin','2025-02-10 10:58:28','',null,'通知状态列表');
INSERT INTO "ANALYSIS_PLATFORM"."SYS_DICT_TYPE"("DICT_ID","DICT_NAME","DICT_TYPE","STATUS","CREATE_BY","CREATE_TIME","UPDATE_BY","UPDATE_TIME","REMARK")
VALUES(9,'操作类型','sys_oper_type','0','admin','2025-02-10 10:58:28','',null,'操作类型列表');
INSERT INTO "ANALYSIS_PLATFORM"."SYS_DICT_TYPE"("DICT_ID","DICT_NAME","DICT_TYPE","STATUS","CREATE_BY","CREATE_TIME","UPDATE_BY","UPDATE_TIME","REMARK")
VALUES(10,'系统状态','sys_common_status','0','admin','2025-02-10 10:58:28','',null,'登录状态列表');
INSERT INTO "ANALYSIS_PLATFORM"."SYS_DICT_TYPE"("DICT_ID","DICT_NAME","DICT_TYPE","STATUS","CREATE_BY","CREATE_TIME","UPDATE_BY","UPDATE_TIME","REMARK")
VALUES(11,'信标类型','tracker_beacon_type','0','admin','2025-09-15 17:34:52','',null,'信标业务类型列别');
INSERT INTO "ANALYSIS_PLATFORM"."SYS_DICT_TYPE"("DICT_ID","DICT_NAME","DICT_TYPE","STATUS","CREATE_BY","CREATE_TIME","UPDATE_BY","UPDATE_TIME","REMARK")
VALUES(12,'作业类型','job_type','0','admin','2025-10-20 10:21:11','',null,null);
SET IDENTITY_INSERT ANALYSIS_PLATFORM.SYS_DICT_TYPE OFF;


-- ----------------------------
-- 12、定时任务调度日志表
-- ----------------------------
CREATE TABLE "ANALYSIS_PLATFORM"."SYS_JOB_LOG"
(
    "JOB_LOG_ID" BIGINT IDENTITY(365, 1) NOT NULL,
    "JOB_NAME" VARCHAR(64) NOT NULL,
    "JOB_GROUP" VARCHAR(64) NOT NULL,
    "INVOKE_TARGET" VARCHAR(500) NOT NULL,
    "JOB_MESSAGE" VARCHAR(500),
    "STATUS" CHAR(1) DEFAULT '0',
    "EXCEPTION_INFO" VARCHAR(2000) DEFAULT '',
    "CREATE_TIME" TIMESTAMP(0),
    NOT CLUSTER PRIMARY KEY("JOB_LOG_ID")) STORAGE(ON "MAIN", CLUSTERBTR) ;
COMMENT ON TABLE "ANALYSIS_PLATFORM"."SYS_JOB_LOG" IS '定时任务调度日志表';
COMMENT ON COLUMN "ANALYSIS_PLATFORM"."SYS_JOB_LOG"."JOB_LOG_ID" IS '任务日志ID';
COMMENT ON COLUMN "ANALYSIS_PLATFORM"."SYS_JOB_LOG"."JOB_NAME" IS '任务名称';
COMMENT ON COLUMN "ANALYSIS_PLATFORM"."SYS_JOB_LOG"."JOB_GROUP" IS '任务组名';
COMMENT ON COLUMN "ANALYSIS_PLATFORM"."SYS_JOB_LOG"."INVOKE_TARGET" IS '调用目标字符串';
COMMENT ON COLUMN "ANALYSIS_PLATFORM"."SYS_JOB_LOG"."JOB_MESSAGE" IS '日志信息';
COMMENT ON COLUMN "ANALYSIS_PLATFORM"."SYS_JOB_LOG"."STATUS" IS '执行状态（0正常 1失败）';
COMMENT ON COLUMN "ANALYSIS_PLATFORM"."SYS_JOB_LOG"."EXCEPTION_INFO" IS '异常信息';
COMMENT ON COLUMN "ANALYSIS_PLATFORM"."SYS_JOB_LOG"."CREATE_TIME" IS '创建时间';

-- ----------------------------
-- 13、定时任务调度表
-- ----------------------------
CREATE TABLE "ANALYSIS_PLATFORM"."SYS_JOB"
(
    "JOB_ID" BIGINT IDENTITY(115, 1) NOT NULL,
    "JOB_NAME" VARCHAR(64) DEFAULT '' NOT NULL,
    "JOB_GROUP" VARCHAR(64) DEFAULT 'DEFAULT' NOT NULL,
    "INVOKE_TARGET" VARCHAR(500) NOT NULL,
    "CRON_EXPRESSION" VARCHAR(255) DEFAULT '',
    "MISFIRE_POLICY" VARCHAR(20) DEFAULT '3',
    "CONCURRENT" CHAR(1) DEFAULT '1',
    "STATUS" CHAR(1) DEFAULT '0',
    "CREATE_BY" VARCHAR(64) DEFAULT '',
    "CREATE_TIME" TIMESTAMP(0),
    "UPDATE_BY" VARCHAR(64) DEFAULT '',
    "UPDATE_TIME" TIMESTAMP(0),
    "REMARK" VARCHAR(500) DEFAULT '',
    NOT CLUSTER PRIMARY KEY("JOB_ID", "JOB_NAME", "JOB_GROUP")) STORAGE(ON "MAIN", CLUSTERBTR) ;
COMMENT ON TABLE "ANALYSIS_PLATFORM"."SYS_JOB" IS '定时任务调度表';
COMMENT ON COLUMN "ANALYSIS_PLATFORM"."SYS_JOB"."JOB_ID" IS '任务ID';
COMMENT ON COLUMN "ANALYSIS_PLATFORM"."SYS_JOB"."JOB_NAME" IS '任务名称';
COMMENT ON COLUMN "ANALYSIS_PLATFORM"."SYS_JOB"."JOB_GROUP" IS '任务组名';
COMMENT ON COLUMN "ANALYSIS_PLATFORM"."SYS_JOB"."INVOKE_TARGET" IS '调用目标字符串';
COMMENT ON COLUMN "ANALYSIS_PLATFORM"."SYS_JOB"."CRON_EXPRESSION" IS 'cron执行表达式';
COMMENT ON COLUMN "ANALYSIS_PLATFORM"."SYS_JOB"."MISFIRE_POLICY" IS '计划执行错误策略（1立即执行 2执行一次 3放弃执行）';
COMMENT ON COLUMN "ANALYSIS_PLATFORM"."SYS_JOB"."CONCURRENT" IS '是否并发执行（0允许 1禁止）';
COMMENT ON COLUMN "ANALYSIS_PLATFORM"."SYS_JOB"."STATUS" IS '状态（0正常 1暂停）';
COMMENT ON COLUMN "ANALYSIS_PLATFORM"."SYS_JOB"."CREATE_BY" IS '创建者';
COMMENT ON COLUMN "ANALYSIS_PLATFORM"."SYS_JOB"."CREATE_TIME" IS '创建时间';
COMMENT ON COLUMN "ANALYSIS_PLATFORM"."SYS_JOB"."UPDATE_BY" IS '更新者';
COMMENT ON COLUMN "ANALYSIS_PLATFORM"."SYS_JOB"."UPDATE_TIME" IS '更新时间';
COMMENT ON COLUMN "ANALYSIS_PLATFORM"."SYS_JOB"."REMARK" IS '备注信息';
SET IDENTITY_INSERT ANALYSIS_PLATFORM.SYS_JOB ON;
INSERT INTO "ANALYSIS_PLATFORM"."SYS_JOB"("JOB_ID","JOB_NAME","JOB_GROUP","INVOKE_TARGET","CRON_EXPRESSION","MISFIRE_POLICY","CONCURRENT","STATUS","CREATE_BY","CREATE_TIME","UPDATE_BY","UPDATE_TIME","REMARK")
VALUES(115,'行为分析','DEFAULT','ryTask.driverTracker','0 1-2 0-1 * * ?','2','1','1','admin','2025-07-10 16:30:06','',null,'');
INSERT INTO "ANALYSIS_PLATFORM"."SYS_JOB"("JOB_ID","JOB_NAME","JOB_GROUP","INVOKE_TARGET","CRON_EXPRESSION","MISFIRE_POLICY","CONCURRENT","STATUS","CREATE_BY","CREATE_TIME","UPDATE_BY","UPDATE_TIME","REMARK")
VALUES(116,'实时行为分析（真趣）','DEFAULT','ryTask.realDriverTrackerZQ','* * * * * ?','2','1','1','admin','2025-09-04 10:39:50','',null,'');
INSERT INTO "ANALYSIS_PLATFORM"."SYS_JOB"("JOB_ID","JOB_NAME","JOB_GROUP","INVOKE_TARGET","CRON_EXPRESSION","MISFIRE_POLICY","CONCURRENT","STATUS","CREATE_BY","CREATE_TIME","UPDATE_BY","UPDATE_TIME","REMARK")
VALUES(117,'历史行为分析（真趣）','DEFAULT','ryTask.realDriverTrackerZQTest','* * * * * ?','2','1','1','admin','2025-09-05 17:22:42','',null,'');
INSERT INTO "ANALYSIS_PLATFORM"."SYS_JOB"("JOB_ID","JOB_NAME","JOB_GROUP","INVOKE_TARGET","CRON_EXPRESSION","MISFIRE_POLICY","CONCURRENT","STATUS","CREATE_BY","CREATE_TIME","UPDATE_BY","UPDATE_TIME","REMARK")
VALUES(118,'板车历史行为分析（真趣）','DEFAULT','ryTask.realDriverTrackerZQTruckTest','* * * * * ?','1','1','1','admin','2025-10-17 18:54:46','',null,'');
INSERT INTO "ANALYSIS_PLATFORM"."SYS_JOB"("JOB_ID","JOB_NAME","JOB_GROUP","INVOKE_TARGET","CRON_EXPRESSION","MISFIRE_POLICY","CONCURRENT","STATUS","CREATE_BY","CREATE_TIME","UPDATE_BY","UPDATE_TIME","REMARK")
VALUES(119,'多任务装车测试','DEFAULT','ryTask.realDriverTrackerZQTestMultitasking','* * * * * ?','1','1','1','admin','2025-10-20 11:21:21','',null,'');
INSERT INTO "ANALYSIS_PLATFORM"."SYS_JOB"("JOB_ID","JOB_NAME","JOB_GROUP","INVOKE_TARGET","CRON_EXPRESSION","MISFIRE_POLICY","CONCURRENT","STATUS","CREATE_BY","CREATE_TIME","UPDATE_BY","UPDATE_TIME","REMARK")
VALUES(120,'实时装车、板车多任务测试','DEFAULT','ryTask.realDriverTrackerZQRealtimeTestWithCustomTime','* * * * * ?','1','1','1','admin','2025-10-23 19:44:32','admin','2025-10-23 20:55:54','');
INSERT INTO "ANALYSIS_PLATFORM"."SYS_JOB"("JOB_ID","JOB_NAME","JOB_GROUP","INVOKE_TARGET","CRON_EXPRESSION","MISFIRE_POLICY","CONCURRENT","STATUS","CREATE_BY","CREATE_TIME","UPDATE_BY","UPDATE_TIME","REMARK")
VALUES(121,'作业数据与rfid数据匹配(板车)','DEFAULT','BALastProcessTask.theJobDataMatchesTheRFIDData','* * * * * ?','1','1','1','admin','2025-10-28 19:54:26','admin','2025-12-29 14:24:32','');
INSERT INTO "ANALYSIS_PLATFORM"."SYS_JOB"("JOB_ID","JOB_NAME","JOB_GROUP","INVOKE_TARGET","CRON_EXPRESSION","MISFIRE_POLICY","CONCURRENT","STATUS","CREATE_BY","CREATE_TIME","UPDATE_BY","UPDATE_TIME","REMARK")
VALUES(122,'板车历史行为分析有参','DEFAULT','ryTask.realDriverTrackerZQTruckTestParams("1918B3000561","2025-10-29 18:39:00","2025-10-29 19:50:00")','* * * * * ?','1','1','1','admin','2025-10-30 15:57:36','',null,'');
INSERT INTO "ANALYSIS_PLATFORM"."SYS_JOB"("JOB_ID","JOB_NAME","JOB_GROUP","INVOKE_TARGET","CRON_EXPRESSION","MISFIRE_POLICY","CONCURRENT","STATUS","CREATE_BY","CREATE_TIME","UPDATE_BY","UPDATE_TIME","REMARK")
VALUES(123,'实时火车装卸多线程任务测试','DEFAULT','BALiveTask.realDriverTrackerZQRealtimeWithNowTime','* * * * * ?','1','1','1','admin','2025-10-31 19:46:49','admin','2025-10-31 20:28:30','');
INSERT INTO "ANALYSIS_PLATFORM"."SYS_JOB"("JOB_ID","JOB_NAME","JOB_GROUP","INVOKE_TARGET","CRON_EXPRESSION","MISFIRE_POLICY","CONCURRENT","STATUS","CREATE_BY","CREATE_TIME","UPDATE_BY","UPDATE_TIME","REMARK")
VALUES(124,'实时火车和板车装卸多线程识别','DEFAULT','BALiveTask.realDriverTrackerZQRealtimeWithNowTime','0 0 3 1/1 * ?','1','1','1','admin','2025-10-31 19:54:54','admin','2025-10-31 19:55:15','');
INSERT INTO "ANALYSIS_PLATFORM"."SYS_JOB"("JOB_ID","JOB_NAME","JOB_GROUP","INVOKE_TARGET","CRON_EXPRESSION","MISFIRE_POLICY","CONCURRENT","STATUS","CREATE_BY","CREATE_TIME","UPDATE_BY","UPDATE_TIME","REMARK")
VALUES(125,'实时板车装卸多线程识别V2','DEFAULT','BATruckLiveTask.realDriverTrackerZQRealtimeTruckWithNowTimeV2','0 0 3 1/1 * ?','1','1','0','admin','2025-10-31 21:00:47','admin','2025-11-10 15:03:54','');
INSERT INTO "ANALYSIS_PLATFORM"."SYS_JOB"("JOB_ID","JOB_NAME","JOB_GROUP","INVOKE_TARGET","CRON_EXPRESSION","MISFIRE_POLICY","CONCURRENT","STATUS","CREATE_BY","CREATE_TIME","UPDATE_BY","UPDATE_TIME","REMARK")
VALUES(126,'实时火车装卸多线程识别V2','DEFAULT','BACarLiveTask.realDriverTrackerZQRealtimeWithNowTimeV2','0 0 3 1/1 * ?','1','1','0','admin','2025-11-01 15:20:52','admin','2025-12-12 09:44:29','');
INSERT INTO "ANALYSIS_PLATFORM"."SYS_JOB"("JOB_ID","JOB_NAME","JOB_GROUP","INVOKE_TARGET","CRON_EXPRESSION","MISFIRE_POLICY","CONCURRENT","STATUS","CREATE_BY","CREATE_TIME","UPDATE_BY","UPDATE_TIME","REMARK")
VALUES(127,'多任务火车or板车测试','DEFAULT','BAHistoryTask.realDriverTrackerZQTestMultitaskingWithVehicleType("car","2025-12-17 10:00:00","2025-12-17 15:00:00")','* * * * * ?','1','1','1','admin','2025-11-07 10:39:29','admin','2025-12-30 11:30:06','');
INSERT INTO "ANALYSIS_PLATFORM"."SYS_JOB"("JOB_ID","JOB_NAME","JOB_GROUP","INVOKE_TARGET","CRON_EXPRESSION","MISFIRE_POLICY","CONCURRENT","STATUS","CREATE_BY","CREATE_TIME","UPDATE_BY","UPDATE_TIME","REMARK")
VALUES(128,'实时火车装卸多线程任务停止','DEFAULT','BACarLiveTask.realDriverTrackerZQRealtimeStop','0 0 2 1/1 * ?','1','1','0','admin','2025-11-10 15:07:57','admin','2025-11-10 15:16:49','');
INSERT INTO "ANALYSIS_PLATFORM"."SYS_JOB"("JOB_ID","JOB_NAME","JOB_GROUP","INVOKE_TARGET","CRON_EXPRESSION","MISFIRE_POLICY","CONCURRENT","STATUS","CREATE_BY","CREATE_TIME","UPDATE_BY","UPDATE_TIME","REMARK")
VALUES(129,'实时板车装卸多线程任务停止','DEFAULT','BATruckLiveTask.realDriverTrackerZQRealtimeStop','0 0 2 1/1 * ?','1','1','0','admin','2025-11-10 15:10:00','admin','2025-11-10 15:17:24','');
INSERT INTO "ANALYSIS_PLATFORM"."SYS_JOB"("JOB_ID","JOB_NAME","JOB_GROUP","INVOKE_TARGET","CRON_EXPRESSION","MISFIRE_POLICY","CONCURRENT","STATUS","CREATE_BY","CREATE_TIME","UPDATE_BY","UPDATE_TIME","REMARK")
VALUES(130,'真趣定位信标数据入库','DEFAULT','zqTask.ZQTagAndUWBPersistent("2025-12-04 14:52:00","2025-12-04 20:35:00")','* * * * * ?','1','1','1','admin','2025-12-04 11:19:51','admin','2025-12-04 14:53:04','');
INSERT INTO "ANALYSIS_PLATFORM"."SYS_JOB"("JOB_ID","JOB_NAME","JOB_GROUP","INVOKE_TARGET","CRON_EXPRESSION","MISFIRE_POLICY","CONCURRENT","STATUS","CREATE_BY","CREATE_TIME","UPDATE_BY","UPDATE_TIME","REMARK")
VALUES(131,'作业数据与rfid数据匹配','DEFAULT','BALastProcessTask.theJobDataMatchesTheRFIDDataTrain','* * * * * ?','1','1','1','admin','2025-12-29 14:25:48','',null,'');
INSERT INTO "ANALYSIS_PLATFORM"."SYS_JOB"("JOB_ID","JOB_NAME","JOB_GROUP","INVOKE_TARGET","CRON_EXPRESSION","MISFIRE_POLICY","CONCURRENT","STATUS","CREATE_BY","CREATE_TIME","UPDATE_BY","UPDATE_TIME","REMARK")
VALUES(132,'定位卡数据与视觉数据匹配','DEFAULT','VisionLocationMatchTask.executeMatch("2026-02-05 14:00:00","2026-02-05 15:00:00")','* * * * * ?','1','1','1','admin','2026-01-06 14:41:18','admin','2026-02-05 17:55:14','');
INSERT INTO "ANALYSIS_PLATFORM"."SYS_JOB"("JOB_ID","JOB_NAME","JOB_GROUP","INVOKE_TARGET","CRON_EXPRESSION","MISFIRE_POLICY","CONCURRENT","STATUS","CREATE_BY","CREATE_TIME","UPDATE_BY","UPDATE_TIME","REMARK")
VALUES(133,'定位卡数据与视觉数据匹配（实时）','DEFAULT','VisionLocationMatchTask.executeMatch("","")','* 0/10 * * * ?','1','1','1','admin','2026-01-14 18:37:05','admin','2026-01-14 18:37:14','');
INSERT INTO "ANALYSIS_PLATFORM"."SYS_JOB"("JOB_ID","JOB_NAME","JOB_GROUP","INVOKE_TARGET","CRON_EXPRESSION","MISFIRE_POLICY","CONCURRENT","STATUS","CREATE_BY","CREATE_TIME","UPDATE_BY","UPDATE_TIME","REMARK")
VALUES(134,'清理匹配数据','DEFAULT','VisionLocationMatchTask.executeClean','* * * * * ?','1','1','1','admin','2026-01-21 16:45:08','admin','2026-01-21 18:55:40','');
SET IDENTITY_INSERT "ANALYSIS_PLATFORM"."SYS_JOB" OFF;


-- ----------------------------
-- 14、系统访问记录
-- ----------------------------
CREATE TABLE "ANALYSIS_PLATFORM"."SYS_LOGININFOR"
(
    "INFO_ID" BIGINT IDENTITY(489, 1) NOT NULL,
    "USER_NAME" VARCHAR(50) DEFAULT '',
    "IPADDR" VARCHAR(128) DEFAULT '',
    "LOGIN_LOCATION" VARCHAR(255) DEFAULT '',
    "BROWSER" VARCHAR(50) DEFAULT '',
    "OS" VARCHAR(50) DEFAULT '',
    "STATUS" CHAR(1) DEFAULT '0',
    "MSG" VARCHAR(255) DEFAULT '',
    "LOGIN_TIME" TIMESTAMP(0),
    NOT CLUSTER PRIMARY KEY("INFO_ID")) STORAGE(ON "MAIN", CLUSTERBTR) ;
CREATE OR REPLACE  INDEX "ANALYSIS_PLATFORM"."IDX_SYS_LOGININFOR_LT" ON "ANALYSIS_PLATFORM"."SYS_LOGININFOR"("LOGIN_TIME" ASC) STORAGE(ON "MAIN", CLUSTERBTR) ;
CREATE OR REPLACE  INDEX "ANALYSIS_PLATFORM"."IDX_SYS_LOGININFOR_S" ON "ANALYSIS_PLATFORM"."SYS_LOGININFOR"("STATUS" ASC) STORAGE(ON "MAIN", CLUSTERBTR) ;
COMMENT ON TABLE "ANALYSIS_PLATFORM"."SYS_LOGININFOR" IS '系统访问记录';
COMMENT ON COLUMN "ANALYSIS_PLATFORM"."SYS_LOGININFOR"."INFO_ID" IS '访问ID';
COMMENT ON COLUMN "ANALYSIS_PLATFORM"."SYS_LOGININFOR"."USER_NAME" IS '用户账号';
COMMENT ON COLUMN "ANALYSIS_PLATFORM"."SYS_LOGININFOR"."IPADDR" IS '登录IP地址';
COMMENT ON COLUMN "ANALYSIS_PLATFORM"."SYS_LOGININFOR"."LOGIN_LOCATION" IS '登录地点';
COMMENT ON COLUMN "ANALYSIS_PLATFORM"."SYS_LOGININFOR"."BROWSER" IS '浏览器类型';
COMMENT ON COLUMN "ANALYSIS_PLATFORM"."SYS_LOGININFOR"."OS" IS '操作系统';
COMMENT ON COLUMN "ANALYSIS_PLATFORM"."SYS_LOGININFOR"."STATUS" IS '登录状态（0成功 1失败）';
COMMENT ON COLUMN "ANALYSIS_PLATFORM"."SYS_LOGININFOR"."MSG" IS '提示消息';
COMMENT ON COLUMN "ANALYSIS_PLATFORM"."SYS_LOGININFOR"."LOGIN_TIME" IS '访问时间';


-- ----------------------------
-- 15、菜单权限表
-- ----------------------------
CREATE TABLE "ANALYSIS_PLATFORM"."SYS_MENU"
(
    "MENU_ID" BIGINT IDENTITY(1, 1) NOT NULL,
    "MENU_NAME" VARCHAR(50) NOT NULL,
    "PARENT_ID" BIGINT DEFAULT 0,
    "ORDER_NUM" INT DEFAULT 0,
    "PATH" VARCHAR(200) DEFAULT '',
    "COMPONENT" VARCHAR(255),
    "QUERY" VARCHAR(255),
    "ROUTE_NAME" VARCHAR(50) DEFAULT '',
    "IS_FRAME" INT DEFAULT 1,
    "IS_CACHE" INT DEFAULT 0,
    "MENU_TYPE" CHAR(1) DEFAULT '',
    "VISIBLE" CHAR(1) DEFAULT '0',
    "STATUS" CHAR(1) DEFAULT '0',
    "PERMS" VARCHAR(100),
    "ICON" VARCHAR(100) DEFAULT '#',
    "CREATE_BY" VARCHAR(64) DEFAULT '',
    "CREATE_TIME" TIMESTAMP(6),
    "UPDATE_BY" VARCHAR(64) DEFAULT '',
    "UPDATE_TIME" TIMESTAMP(6),
    "REMARK" VARCHAR(500) DEFAULT '',
    NOT CLUSTER PRIMARY KEY("MENU_ID")) STORAGE(ON "MAIN", CLUSTERBTR) ;
COMMENT ON TABLE "ANALYSIS_PLATFORM"."SYS_MENU" IS '菜单权限表';
COMMENT ON COLUMN "ANALYSIS_PLATFORM"."SYS_MENU"."MENU_ID" IS '菜单ID';
COMMENT ON COLUMN "ANALYSIS_PLATFORM"."SYS_MENU"."MENU_NAME" IS '菜单名称';
COMMENT ON COLUMN "ANALYSIS_PLATFORM"."SYS_MENU"."PARENT_ID" IS '父菜单ID';
COMMENT ON COLUMN "ANALYSIS_PLATFORM"."SYS_MENU"."ORDER_NUM" IS '显示顺序';
COMMENT ON COLUMN "ANALYSIS_PLATFORM"."SYS_MENU"."PATH" IS '路由地址';
COMMENT ON COLUMN "ANALYSIS_PLATFORM"."SYS_MENU"."COMPONENT" IS '组件路径';
COMMENT ON COLUMN "ANALYSIS_PLATFORM"."SYS_MENU"."QUERY" IS '路由参数';
COMMENT ON COLUMN "ANALYSIS_PLATFORM"."SYS_MENU"."ROUTE_NAME" IS '路由名称';
COMMENT ON COLUMN "ANALYSIS_PLATFORM"."SYS_MENU"."IS_FRAME" IS '是否为外链（0是 1否）';
COMMENT ON COLUMN "ANALYSIS_PLATFORM"."SYS_MENU"."IS_CACHE" IS '是否缓存（0缓存 1不缓存）';
COMMENT ON COLUMN "ANALYSIS_PLATFORM"."SYS_MENU"."MENU_TYPE" IS '菜单类型（M目录 C菜单 F按钮）';
COMMENT ON COLUMN "ANALYSIS_PLATFORM"."SYS_MENU"."VISIBLE" IS '菜单状态（0显示 1隐藏）';
COMMENT ON COLUMN "ANALYSIS_PLATFORM"."SYS_MENU"."STATUS" IS '菜单状态（0正常 1停用）';
COMMENT ON COLUMN "ANALYSIS_PLATFORM"."SYS_MENU"."PERMS" IS '权限标识';
COMMENT ON COLUMN "ANALYSIS_PLATFORM"."SYS_MENU"."ICON" IS '菜单图标';
COMMENT ON COLUMN "ANALYSIS_PLATFORM"."SYS_MENU"."CREATE_BY" IS '创建者';
COMMENT ON COLUMN "ANALYSIS_PLATFORM"."SYS_MENU"."CREATE_TIME" IS '创建时间';
COMMENT ON COLUMN "ANALYSIS_PLATFORM"."SYS_MENU"."UPDATE_BY" IS '更新者';
COMMENT ON COLUMN "ANALYSIS_PLATFORM"."SYS_MENU"."UPDATE_TIME" IS '更新时间';
COMMENT ON COLUMN "ANALYSIS_PLATFORM"."SYS_MENU"."REMARK" IS '备注';
SET IDENTITY_INSERT "ANALYSIS_PLATFORM"."SYS_MENU" ON;
INSERT INTO "ANALYSIS_PLATFORM"."SYS_MENU"("MENU_ID","MENU_NAME","PARENT_ID","ORDER_NUM","PATH","COMPONENT","QUERY","ROUTE_NAME","IS_FRAME","IS_CACHE","MENU_TYPE","VISIBLE","STATUS","PERMS","ICON","CREATE_BY","CREATE_TIME","UPDATE_BY","UPDATE_TIME","REMARK")
VALUES(1,'系统管理',0,1,'system',null,'','',1,0,'M','0','0','','system','admin','2025-02-10 10:58:07.000000','',null,'系统管理目录');
INSERT INTO "ANALYSIS_PLATFORM"."SYS_MENU"("MENU_ID","MENU_NAME","PARENT_ID","ORDER_NUM","PATH","COMPONENT","QUERY","ROUTE_NAME","IS_FRAME","IS_CACHE","MENU_TYPE","VISIBLE","STATUS","PERMS","ICON","CREATE_BY","CREATE_TIME","UPDATE_BY","UPDATE_TIME","REMARK")
VALUES(2,'系统监控',0,2,'monitor',null,'','',1,0,'M','0','0','','monitor','admin','2025-02-10 10:58:07.000000','',null,'系统监控目录');
INSERT INTO "ANALYSIS_PLATFORM"."SYS_MENU"("MENU_ID","MENU_NAME","PARENT_ID","ORDER_NUM","PATH","COMPONENT","QUERY","ROUTE_NAME","IS_FRAME","IS_CACHE","MENU_TYPE","VISIBLE","STATUS","PERMS","ICON","CREATE_BY","CREATE_TIME","UPDATE_BY","UPDATE_TIME","REMARK")
VALUES(3,'系统工具',0,3,'tool',null,'','',1,0,'M','0','0','','tool','admin','2025-02-10 10:58:07.000000','',null,'系统工具目录');
INSERT INTO "ANALYSIS_PLATFORM"."SYS_MENU"("MENU_ID","MENU_NAME","PARENT_ID","ORDER_NUM","PATH","COMPONENT","QUERY","ROUTE_NAME","IS_FRAME","IS_CACHE","MENU_TYPE","VISIBLE","STATUS","PERMS","ICON","CREATE_BY","CREATE_TIME","UPDATE_BY","UPDATE_TIME","REMARK")
VALUES(4,'百度',0,4,'http://www.baidu.com',null,'','',0,0,'M','1','0','','guide','admin','2025-02-10 10:58:07.000000','admin','2025-09-12 11:26:51.000000','若依官网地址');
INSERT INTO "ANALYSIS_PLATFORM"."SYS_MENU"("MENU_ID","MENU_NAME","PARENT_ID","ORDER_NUM","PATH","COMPONENT","QUERY","ROUTE_NAME","IS_FRAME","IS_CACHE","MENU_TYPE","VISIBLE","STATUS","PERMS","ICON","CREATE_BY","CREATE_TIME","UPDATE_BY","UPDATE_TIME","REMARK")
VALUES(100,'用户管理',1,1,'user','system/user/index','','',1,0,'C','0','0','system:user:list','user','admin','2025-02-10 10:58:07.000000','',null,'用户管理菜单');
INSERT INTO "ANALYSIS_PLATFORM"."SYS_MENU"("MENU_ID","MENU_NAME","PARENT_ID","ORDER_NUM","PATH","COMPONENT","QUERY","ROUTE_NAME","IS_FRAME","IS_CACHE","MENU_TYPE","VISIBLE","STATUS","PERMS","ICON","CREATE_BY","CREATE_TIME","UPDATE_BY","UPDATE_TIME","REMARK")
VALUES(101,'角色管理',1,2,'role','system/role/index','','',1,0,'C','0','0','system:role:list','peoples','admin','2025-02-10 10:58:07.000000','',null,'角色管理菜单');
INSERT INTO "ANALYSIS_PLATFORM"."SYS_MENU"("MENU_ID","MENU_NAME","PARENT_ID","ORDER_NUM","PATH","COMPONENT","QUERY","ROUTE_NAME","IS_FRAME","IS_CACHE","MENU_TYPE","VISIBLE","STATUS","PERMS","ICON","CREATE_BY","CREATE_TIME","UPDATE_BY","UPDATE_TIME","REMARK")
VALUES(102,'菜单管理',1,3,'menu','system/menu/index','','',1,0,'C','0','0','system:menu:list','tree-table','admin','2025-02-10 10:58:07.000000','',null,'菜单管理菜单');
INSERT INTO "ANALYSIS_PLATFORM"."SYS_MENU"("MENU_ID","MENU_NAME","PARENT_ID","ORDER_NUM","PATH","COMPONENT","QUERY","ROUTE_NAME","IS_FRAME","IS_CACHE","MENU_TYPE","VISIBLE","STATUS","PERMS","ICON","CREATE_BY","CREATE_TIME","UPDATE_BY","UPDATE_TIME","REMARK")
VALUES(103,'部门管理',1,4,'dept','system/dept/index','','',1,0,'C','0','0','system:dept:list','tree','admin','2025-02-10 10:58:07.000000','',null,'部门管理菜单');
INSERT INTO "ANALYSIS_PLATFORM"."SYS_MENU"("MENU_ID","MENU_NAME","PARENT_ID","ORDER_NUM","PATH","COMPONENT","QUERY","ROUTE_NAME","IS_FRAME","IS_CACHE","MENU_TYPE","VISIBLE","STATUS","PERMS","ICON","CREATE_BY","CREATE_TIME","UPDATE_BY","UPDATE_TIME","REMARK")
VALUES(104,'岗位管理',1,5,'post','system/post/index','','',1,0,'C','0','0','system:post:list','post','admin','2025-02-10 10:58:07.000000','',null,'岗位管理菜单');
INSERT INTO "ANALYSIS_PLATFORM"."SYS_MENU"("MENU_ID","MENU_NAME","PARENT_ID","ORDER_NUM","PATH","COMPONENT","QUERY","ROUTE_NAME","IS_FRAME","IS_CACHE","MENU_TYPE","VISIBLE","STATUS","PERMS","ICON","CREATE_BY","CREATE_TIME","UPDATE_BY","UPDATE_TIME","REMARK")
VALUES(105,'字典管理',1,6,'dict','system/dict/index','','',1,0,'C','0','0','system:dict:list','dict','admin','2025-02-10 10:58:07.000000','',null,'字典管理菜单');
INSERT INTO "ANALYSIS_PLATFORM"."SYS_MENU"("MENU_ID","MENU_NAME","PARENT_ID","ORDER_NUM","PATH","COMPONENT","QUERY","ROUTE_NAME","IS_FRAME","IS_CACHE","MENU_TYPE","VISIBLE","STATUS","PERMS","ICON","CREATE_BY","CREATE_TIME","UPDATE_BY","UPDATE_TIME","REMARK")
VALUES(106,'参数设置',1,7,'config','system/config/index','','',1,0,'C','0','0','system:config:list','edit','admin','2025-02-10 10:58:08.000000','',null,'参数设置菜单');
INSERT INTO "ANALYSIS_PLATFORM"."SYS_MENU"("MENU_ID","MENU_NAME","PARENT_ID","ORDER_NUM","PATH","COMPONENT","QUERY","ROUTE_NAME","IS_FRAME","IS_CACHE","MENU_TYPE","VISIBLE","STATUS","PERMS","ICON","CREATE_BY","CREATE_TIME","UPDATE_BY","UPDATE_TIME","REMARK")
VALUES(107,'通知公告',1,8,'notice','system/notice/index','','',1,0,'C','0','0','system:notice:list','message','admin','2025-02-10 10:58:08.000000','',null,'通知公告菜单');
INSERT INTO "ANALYSIS_PLATFORM"."SYS_MENU"("MENU_ID","MENU_NAME","PARENT_ID","ORDER_NUM","PATH","COMPONENT","QUERY","ROUTE_NAME","IS_FRAME","IS_CACHE","MENU_TYPE","VISIBLE","STATUS","PERMS","ICON","CREATE_BY","CREATE_TIME","UPDATE_BY","UPDATE_TIME","REMARK")
VALUES(108,'日志管理',1,9,'log','','','',1,0,'M','0','0','','log','admin','2025-02-10 10:58:08.000000','',null,'日志管理菜单');
INSERT INTO "ANALYSIS_PLATFORM"."SYS_MENU"("MENU_ID","MENU_NAME","PARENT_ID","ORDER_NUM","PATH","COMPONENT","QUERY","ROUTE_NAME","IS_FRAME","IS_CACHE","MENU_TYPE","VISIBLE","STATUS","PERMS","ICON","CREATE_BY","CREATE_TIME","UPDATE_BY","UPDATE_TIME","REMARK")
VALUES(109,'在线用户',2,1,'online','monitor/online/index','','',1,0,'C','0','0','monitor:online:list','online','admin','2025-02-10 10:58:08.000000','',null,'在线用户菜单');
INSERT INTO "ANALYSIS_PLATFORM"."SYS_MENU"("MENU_ID","MENU_NAME","PARENT_ID","ORDER_NUM","PATH","COMPONENT","QUERY","ROUTE_NAME","IS_FRAME","IS_CACHE","MENU_TYPE","VISIBLE","STATUS","PERMS","ICON","CREATE_BY","CREATE_TIME","UPDATE_BY","UPDATE_TIME","REMARK")
VALUES(110,'定时任务',2,2,'job','monitor/job/index','','',1,0,'C','0','0','monitor:job:list','job','admin','2025-02-10 10:58:08.000000','',null,'定时任务菜单');
INSERT INTO "ANALYSIS_PLATFORM"."SYS_MENU"("MENU_ID","MENU_NAME","PARENT_ID","ORDER_NUM","PATH","COMPONENT","QUERY","ROUTE_NAME","IS_FRAME","IS_CACHE","MENU_TYPE","VISIBLE","STATUS","PERMS","ICON","CREATE_BY","CREATE_TIME","UPDATE_BY","UPDATE_TIME","REMARK")
VALUES(111,'数据监控',2,3,'druid','monitor/druid/index','','',1,0,'C','0','0','monitor:druid:list','druid','admin','2025-02-10 10:58:08.000000','',null,'数据监控菜单');
INSERT INTO "ANALYSIS_PLATFORM"."SYS_MENU"("MENU_ID","MENU_NAME","PARENT_ID","ORDER_NUM","PATH","COMPONENT","QUERY","ROUTE_NAME","IS_FRAME","IS_CACHE","MENU_TYPE","VISIBLE","STATUS","PERMS","ICON","CREATE_BY","CREATE_TIME","UPDATE_BY","UPDATE_TIME","REMARK")
VALUES(112,'服务监控',2,4,'server','monitor/server/index','','',1,0,'C','0','0','monitor:server:list','server','admin','2025-02-10 10:58:08.000000','',null,'服务监控菜单');
INSERT INTO "ANALYSIS_PLATFORM"."SYS_MENU"("MENU_ID","MENU_NAME","PARENT_ID","ORDER_NUM","PATH","COMPONENT","QUERY","ROUTE_NAME","IS_FRAME","IS_CACHE","MENU_TYPE","VISIBLE","STATUS","PERMS","ICON","CREATE_BY","CREATE_TIME","UPDATE_BY","UPDATE_TIME","REMARK")
VALUES(113,'缓存监控',2,5,'cache','monitor/cache/index','','',1,0,'C','0','0','monitor:cache:list','redis','admin','2025-02-10 10:58:08.000000','',null,'缓存监控菜单');
INSERT INTO "ANALYSIS_PLATFORM"."SYS_MENU"("MENU_ID","MENU_NAME","PARENT_ID","ORDER_NUM","PATH","COMPONENT","QUERY","ROUTE_NAME","IS_FRAME","IS_CACHE","MENU_TYPE","VISIBLE","STATUS","PERMS","ICON","CREATE_BY","CREATE_TIME","UPDATE_BY","UPDATE_TIME","REMARK")
VALUES(114,'缓存列表',2,6,'cacheList','monitor/cache/list','','',1,0,'C','0','0','monitor:cache:list','redis-list','admin','2025-02-10 10:58:08.000000','',null,'缓存列表菜单');
INSERT INTO "ANALYSIS_PLATFORM"."SYS_MENU"("MENU_ID","MENU_NAME","PARENT_ID","ORDER_NUM","PATH","COMPONENT","QUERY","ROUTE_NAME","IS_FRAME","IS_CACHE","MENU_TYPE","VISIBLE","STATUS","PERMS","ICON","CREATE_BY","CREATE_TIME","UPDATE_BY","UPDATE_TIME","REMARK")
VALUES(115,'表单构建',3,1,'build','tool/build/index','','',1,0,'C','0','0','tool:build:list','build','admin','2025-02-10 10:58:09.000000','',null,'表单构建菜单');
INSERT INTO "ANALYSIS_PLATFORM"."SYS_MENU"("MENU_ID","MENU_NAME","PARENT_ID","ORDER_NUM","PATH","COMPONENT","QUERY","ROUTE_NAME","IS_FRAME","IS_CACHE","MENU_TYPE","VISIBLE","STATUS","PERMS","ICON","CREATE_BY","CREATE_TIME","UPDATE_BY","UPDATE_TIME","REMARK")
VALUES(116,'代码生成',3,2,'gen','tool/gen/index','','',1,0,'C','0','0','tool:gen:list','code','admin','2025-02-10 10:58:09.000000','',null,'代码生成菜单');
INSERT INTO "ANALYSIS_PLATFORM"."SYS_MENU"("MENU_ID","MENU_NAME","PARENT_ID","ORDER_NUM","PATH","COMPONENT","QUERY","ROUTE_NAME","IS_FRAME","IS_CACHE","MENU_TYPE","VISIBLE","STATUS","PERMS","ICON","CREATE_BY","CREATE_TIME","UPDATE_BY","UPDATE_TIME","REMARK")
VALUES(117,'系统接口',3,3,'swagger','tool/swagger/index','','',1,0,'C','0','0','tool:swagger:list','swagger','admin','2025-02-10 10:58:09.000000','',null,'系统接口菜单');
INSERT INTO "ANALYSIS_PLATFORM"."SYS_MENU"("MENU_ID","MENU_NAME","PARENT_ID","ORDER_NUM","PATH","COMPONENT","QUERY","ROUTE_NAME","IS_FRAME","IS_CACHE","MENU_TYPE","VISIBLE","STATUS","PERMS","ICON","CREATE_BY","CREATE_TIME","UPDATE_BY","UPDATE_TIME","REMARK")
VALUES(500,'操作日志',108,1,'operlog','monitor/operlog/index','','',1,0,'C','0','0','monitor:operlog:list','form','admin','2025-02-10 10:58:09.000000','',null,'操作日志菜单');
INSERT INTO "ANALYSIS_PLATFORM"."SYS_MENU"("MENU_ID","MENU_NAME","PARENT_ID","ORDER_NUM","PATH","COMPONENT","QUERY","ROUTE_NAME","IS_FRAME","IS_CACHE","MENU_TYPE","VISIBLE","STATUS","PERMS","ICON","CREATE_BY","CREATE_TIME","UPDATE_BY","UPDATE_TIME","REMARK")
VALUES(501,'登录日志',108,2,'logininfor','monitor/logininfor/index','','',1,0,'C','0','0','monitor:logininfor:list','logininfor','admin','2025-02-10 10:58:09.000000','',null,'登录日志菜单');
INSERT INTO "ANALYSIS_PLATFORM"."SYS_MENU"("MENU_ID","MENU_NAME","PARENT_ID","ORDER_NUM","PATH","COMPONENT","QUERY","ROUTE_NAME","IS_FRAME","IS_CACHE","MENU_TYPE","VISIBLE","STATUS","PERMS","ICON","CREATE_BY","CREATE_TIME","UPDATE_BY","UPDATE_TIME","REMARK")
VALUES(1000,'用户查询',100,1,'','','','',1,0,'F','0','0','system:user:query','#','admin','2025-02-10 10:58:09.000000','',null,'');
INSERT INTO "ANALYSIS_PLATFORM"."SYS_MENU"("MENU_ID","MENU_NAME","PARENT_ID","ORDER_NUM","PATH","COMPONENT","QUERY","ROUTE_NAME","IS_FRAME","IS_CACHE","MENU_TYPE","VISIBLE","STATUS","PERMS","ICON","CREATE_BY","CREATE_TIME","UPDATE_BY","UPDATE_TIME","REMARK")
VALUES(1001,'用户新增',100,2,'','','','',1,0,'F','0','0','system:user:add','#','admin','2025-02-10 10:58:09.000000','',null,'');
INSERT INTO "ANALYSIS_PLATFORM"."SYS_MENU"("MENU_ID","MENU_NAME","PARENT_ID","ORDER_NUM","PATH","COMPONENT","QUERY","ROUTE_NAME","IS_FRAME","IS_CACHE","MENU_TYPE","VISIBLE","STATUS","PERMS","ICON","CREATE_BY","CREATE_TIME","UPDATE_BY","UPDATE_TIME","REMARK")
VALUES(1002,'用户修改',100,3,'','','','',1,0,'F','0','0','system:user:edit','#','admin','2025-02-10 10:58:09.000000','',null,'');
INSERT INTO "ANALYSIS_PLATFORM"."SYS_MENU"("MENU_ID","MENU_NAME","PARENT_ID","ORDER_NUM","PATH","COMPONENT","QUERY","ROUTE_NAME","IS_FRAME","IS_CACHE","MENU_TYPE","VISIBLE","STATUS","PERMS","ICON","CREATE_BY","CREATE_TIME","UPDATE_BY","UPDATE_TIME","REMARK")
VALUES(1003,'用户删除',100,4,'','','','',1,0,'F','0','0','system:user:remove','#','admin','2025-02-10 10:58:09.000000','',null,'');
INSERT INTO "ANALYSIS_PLATFORM"."SYS_MENU"("MENU_ID","MENU_NAME","PARENT_ID","ORDER_NUM","PATH","COMPONENT","QUERY","ROUTE_NAME","IS_FRAME","IS_CACHE","MENU_TYPE","VISIBLE","STATUS","PERMS","ICON","CREATE_BY","CREATE_TIME","UPDATE_BY","UPDATE_TIME","REMARK")
VALUES(1004,'用户导出',100,5,'','','','',1,0,'F','0','0','system:user:export','#','admin','2025-02-10 10:58:09.000000','',null,'');
INSERT INTO "ANALYSIS_PLATFORM"."SYS_MENU"("MENU_ID","MENU_NAME","PARENT_ID","ORDER_NUM","PATH","COMPONENT","QUERY","ROUTE_NAME","IS_FRAME","IS_CACHE","MENU_TYPE","VISIBLE","STATUS","PERMS","ICON","CREATE_BY","CREATE_TIME","UPDATE_BY","UPDATE_TIME","REMARK")
VALUES(1005,'用户导入',100,6,'','','','',1,0,'F','0','0','system:user:import','#','admin','2025-02-10 10:58:10.000000','',null,'');
INSERT INTO "ANALYSIS_PLATFORM"."SYS_MENU"("MENU_ID","MENU_NAME","PARENT_ID","ORDER_NUM","PATH","COMPONENT","QUERY","ROUTE_NAME","IS_FRAME","IS_CACHE","MENU_TYPE","VISIBLE","STATUS","PERMS","ICON","CREATE_BY","CREATE_TIME","UPDATE_BY","UPDATE_TIME","REMARK")
VALUES(1006,'重置密码',100,7,'','','','',1,0,'F','0','0','system:user:resetPwd','#','admin','2025-02-10 10:58:10.000000','',null,'');
INSERT INTO "ANALYSIS_PLATFORM"."SYS_MENU"("MENU_ID","MENU_NAME","PARENT_ID","ORDER_NUM","PATH","COMPONENT","QUERY","ROUTE_NAME","IS_FRAME","IS_CACHE","MENU_TYPE","VISIBLE","STATUS","PERMS","ICON","CREATE_BY","CREATE_TIME","UPDATE_BY","UPDATE_TIME","REMARK")
VALUES(1007,'角色查询',101,1,'','','','',1,0,'F','0','0','system:role:query','#','admin','2025-02-10 10:58:10.000000','',null,'');
INSERT INTO "ANALYSIS_PLATFORM"."SYS_MENU"("MENU_ID","MENU_NAME","PARENT_ID","ORDER_NUM","PATH","COMPONENT","QUERY","ROUTE_NAME","IS_FRAME","IS_CACHE","MENU_TYPE","VISIBLE","STATUS","PERMS","ICON","CREATE_BY","CREATE_TIME","UPDATE_BY","UPDATE_TIME","REMARK")
VALUES(1008,'角色新增',101,2,'','','','',1,0,'F','0','0','system:role:add','#','admin','2025-02-10 10:58:10.000000','',null,'');
INSERT INTO "ANALYSIS_PLATFORM"."SYS_MENU"("MENU_ID","MENU_NAME","PARENT_ID","ORDER_NUM","PATH","COMPONENT","QUERY","ROUTE_NAME","IS_FRAME","IS_CACHE","MENU_TYPE","VISIBLE","STATUS","PERMS","ICON","CREATE_BY","CREATE_TIME","UPDATE_BY","UPDATE_TIME","REMARK")
VALUES(1009,'角色修改',101,3,'','','','',1,0,'F','0','0','system:role:edit','#','admin','2025-02-10 10:58:10.000000','',null,'');
INSERT INTO "ANALYSIS_PLATFORM"."SYS_MENU"("MENU_ID","MENU_NAME","PARENT_ID","ORDER_NUM","PATH","COMPONENT","QUERY","ROUTE_NAME","IS_FRAME","IS_CACHE","MENU_TYPE","VISIBLE","STATUS","PERMS","ICON","CREATE_BY","CREATE_TIME","UPDATE_BY","UPDATE_TIME","REMARK")
VALUES(1010,'角色删除',101,4,'','','','',1,0,'F','0','0','system:role:remove','#','admin','2025-02-10 10:58:10.000000','',null,'');
INSERT INTO "ANALYSIS_PLATFORM"."SYS_MENU"("MENU_ID","MENU_NAME","PARENT_ID","ORDER_NUM","PATH","COMPONENT","QUERY","ROUTE_NAME","IS_FRAME","IS_CACHE","MENU_TYPE","VISIBLE","STATUS","PERMS","ICON","CREATE_BY","CREATE_TIME","UPDATE_BY","UPDATE_TIME","REMARK")
VALUES(1011,'角色导出',101,5,'','','','',1,0,'F','0','0','system:role:export','#','admin','2025-02-10 10:58:10.000000','',null,'');
INSERT INTO "ANALYSIS_PLATFORM"."SYS_MENU"("MENU_ID","MENU_NAME","PARENT_ID","ORDER_NUM","PATH","COMPONENT","QUERY","ROUTE_NAME","IS_FRAME","IS_CACHE","MENU_TYPE","VISIBLE","STATUS","PERMS","ICON","CREATE_BY","CREATE_TIME","UPDATE_BY","UPDATE_TIME","REMARK")
VALUES(1012,'菜单查询',102,1,'','','','',1,0,'F','0','0','system:menu:query','#','admin','2025-02-10 10:58:10.000000','',null,'');
INSERT INTO "ANALYSIS_PLATFORM"."SYS_MENU"("MENU_ID","MENU_NAME","PARENT_ID","ORDER_NUM","PATH","COMPONENT","QUERY","ROUTE_NAME","IS_FRAME","IS_CACHE","MENU_TYPE","VISIBLE","STATUS","PERMS","ICON","CREATE_BY","CREATE_TIME","UPDATE_BY","UPDATE_TIME","REMARK")
VALUES(1013,'菜单新增',102,2,'','','','',1,0,'F','0','0','system:menu:add','#','admin','2025-02-10 10:58:10.000000','',null,'');
INSERT INTO "ANALYSIS_PLATFORM"."SYS_MENU"("MENU_ID","MENU_NAME","PARENT_ID","ORDER_NUM","PATH","COMPONENT","QUERY","ROUTE_NAME","IS_FRAME","IS_CACHE","MENU_TYPE","VISIBLE","STATUS","PERMS","ICON","CREATE_BY","CREATE_TIME","UPDATE_BY","UPDATE_TIME","REMARK")
VALUES(1014,'菜单修改',102,3,'','','','',1,0,'F','0','0','system:menu:edit','#','admin','2025-02-10 10:58:10.000000','',null,'');
INSERT INTO "ANALYSIS_PLATFORM"."SYS_MENU"("MENU_ID","MENU_NAME","PARENT_ID","ORDER_NUM","PATH","COMPONENT","QUERY","ROUTE_NAME","IS_FRAME","IS_CACHE","MENU_TYPE","VISIBLE","STATUS","PERMS","ICON","CREATE_BY","CREATE_TIME","UPDATE_BY","UPDATE_TIME","REMARK")
VALUES(1015,'菜单删除',102,4,'','','','',1,0,'F','0','0','system:menu:remove','#','admin','2025-02-10 10:58:11.000000','',null,'');
INSERT INTO "ANALYSIS_PLATFORM"."SYS_MENU"("MENU_ID","MENU_NAME","PARENT_ID","ORDER_NUM","PATH","COMPONENT","QUERY","ROUTE_NAME","IS_FRAME","IS_CACHE","MENU_TYPE","VISIBLE","STATUS","PERMS","ICON","CREATE_BY","CREATE_TIME","UPDATE_BY","UPDATE_TIME","REMARK")
VALUES(1016,'部门查询',103,1,'','','','',1,0,'F','0','0','system:dept:query','#','admin','2025-02-10 10:58:11.000000','',null,'');
INSERT INTO "ANALYSIS_PLATFORM"."SYS_MENU"("MENU_ID","MENU_NAME","PARENT_ID","ORDER_NUM","PATH","COMPONENT","QUERY","ROUTE_NAME","IS_FRAME","IS_CACHE","MENU_TYPE","VISIBLE","STATUS","PERMS","ICON","CREATE_BY","CREATE_TIME","UPDATE_BY","UPDATE_TIME","REMARK")
VALUES(1017,'部门新增',103,2,'','','','',1,0,'F','0','0','system:dept:add','#','admin','2025-02-10 10:58:11.000000','',null,'');
INSERT INTO "ANALYSIS_PLATFORM"."SYS_MENU"("MENU_ID","MENU_NAME","PARENT_ID","ORDER_NUM","PATH","COMPONENT","QUERY","ROUTE_NAME","IS_FRAME","IS_CACHE","MENU_TYPE","VISIBLE","STATUS","PERMS","ICON","CREATE_BY","CREATE_TIME","UPDATE_BY","UPDATE_TIME","REMARK")
VALUES(1018,'部门修改',103,3,'','','','',1,0,'F','0','0','system:dept:edit','#','admin','2025-02-10 10:58:11.000000','',null,'');
INSERT INTO "ANALYSIS_PLATFORM"."SYS_MENU"("MENU_ID","MENU_NAME","PARENT_ID","ORDER_NUM","PATH","COMPONENT","QUERY","ROUTE_NAME","IS_FRAME","IS_CACHE","MENU_TYPE","VISIBLE","STATUS","PERMS","ICON","CREATE_BY","CREATE_TIME","UPDATE_BY","UPDATE_TIME","REMARK")
VALUES(1019,'部门删除',103,4,'','','','',1,0,'F','0','0','system:dept:remove','#','admin','2025-02-10 10:58:11.000000','',null,'');
INSERT INTO "ANALYSIS_PLATFORM"."SYS_MENU"("MENU_ID","MENU_NAME","PARENT_ID","ORDER_NUM","PATH","COMPONENT","QUERY","ROUTE_NAME","IS_FRAME","IS_CACHE","MENU_TYPE","VISIBLE","STATUS","PERMS","ICON","CREATE_BY","CREATE_TIME","UPDATE_BY","UPDATE_TIME","REMARK")
VALUES(1020,'岗位查询',104,1,'','','','',1,0,'F','0','0','system:post:query','#','admin','2025-02-10 10:58:11.000000','',null,'');
INSERT INTO "ANALYSIS_PLATFORM"."SYS_MENU"("MENU_ID","MENU_NAME","PARENT_ID","ORDER_NUM","PATH","COMPONENT","QUERY","ROUTE_NAME","IS_FRAME","IS_CACHE","MENU_TYPE","VISIBLE","STATUS","PERMS","ICON","CREATE_BY","CREATE_TIME","UPDATE_BY","UPDATE_TIME","REMARK")
VALUES(1021,'岗位新增',104,2,'','','','',1,0,'F','0','0','system:post:add','#','admin','2025-02-10 10:58:11.000000','',null,'');
INSERT INTO "ANALYSIS_PLATFORM"."SYS_MENU"("MENU_ID","MENU_NAME","PARENT_ID","ORDER_NUM","PATH","COMPONENT","QUERY","ROUTE_NAME","IS_FRAME","IS_CACHE","MENU_TYPE","VISIBLE","STATUS","PERMS","ICON","CREATE_BY","CREATE_TIME","UPDATE_BY","UPDATE_TIME","REMARK")
VALUES(1022,'岗位修改',104,3,'','','','',1,0,'F','0','0','system:post:edit','#','admin','2025-02-10 10:58:11.000000','',null,'');
INSERT INTO "ANALYSIS_PLATFORM"."SYS_MENU"("MENU_ID","MENU_NAME","PARENT_ID","ORDER_NUM","PATH","COMPONENT","QUERY","ROUTE_NAME","IS_FRAME","IS_CACHE","MENU_TYPE","VISIBLE","STATUS","PERMS","ICON","CREATE_BY","CREATE_TIME","UPDATE_BY","UPDATE_TIME","REMARK")
VALUES(1023,'岗位删除',104,4,'','','','',1,0,'F','0','0','system:post:remove','#','admin','2025-02-10 10:58:11.000000','',null,'');
INSERT INTO "ANALYSIS_PLATFORM"."SYS_MENU"("MENU_ID","MENU_NAME","PARENT_ID","ORDER_NUM","PATH","COMPONENT","QUERY","ROUTE_NAME","IS_FRAME","IS_CACHE","MENU_TYPE","VISIBLE","STATUS","PERMS","ICON","CREATE_BY","CREATE_TIME","UPDATE_BY","UPDATE_TIME","REMARK")
VALUES(1024,'岗位导出',104,5,'','','','',1,0,'F','0','0','system:post:export','#','admin','2025-02-10 10:58:11.000000','',null,'');
INSERT INTO "ANALYSIS_PLATFORM"."SYS_MENU"("MENU_ID","MENU_NAME","PARENT_ID","ORDER_NUM","PATH","COMPONENT","QUERY","ROUTE_NAME","IS_FRAME","IS_CACHE","MENU_TYPE","VISIBLE","STATUS","PERMS","ICON","CREATE_BY","CREATE_TIME","UPDATE_BY","UPDATE_TIME","REMARK")
VALUES(1025,'字典查询',105,1,'#','','','',1,0,'F','0','0','system:dict:query','#','admin','2025-02-10 10:58:11.000000','',null,'');
INSERT INTO "ANALYSIS_PLATFORM"."SYS_MENU"("MENU_ID","MENU_NAME","PARENT_ID","ORDER_NUM","PATH","COMPONENT","QUERY","ROUTE_NAME","IS_FRAME","IS_CACHE","MENU_TYPE","VISIBLE","STATUS","PERMS","ICON","CREATE_BY","CREATE_TIME","UPDATE_BY","UPDATE_TIME","REMARK")
VALUES(1026,'字典新增',105,2,'#','','','',1,0,'F','0','0','system:dict:add','#','admin','2025-02-10 10:58:11.000000','',null,'');
INSERT INTO "ANALYSIS_PLATFORM"."SYS_MENU"("MENU_ID","MENU_NAME","PARENT_ID","ORDER_NUM","PATH","COMPONENT","QUERY","ROUTE_NAME","IS_FRAME","IS_CACHE","MENU_TYPE","VISIBLE","STATUS","PERMS","ICON","CREATE_BY","CREATE_TIME","UPDATE_BY","UPDATE_TIME","REMARK")
VALUES(1027,'字典修改',105,3,'#','','','',1,0,'F','0','0','system:dict:edit','#','admin','2025-02-10 10:58:12.000000','',null,'');
INSERT INTO "ANALYSIS_PLATFORM"."SYS_MENU"("MENU_ID","MENU_NAME","PARENT_ID","ORDER_NUM","PATH","COMPONENT","QUERY","ROUTE_NAME","IS_FRAME","IS_CACHE","MENU_TYPE","VISIBLE","STATUS","PERMS","ICON","CREATE_BY","CREATE_TIME","UPDATE_BY","UPDATE_TIME","REMARK")
VALUES(1028,'字典删除',105,4,'#','','','',1,0,'F','0','0','system:dict:remove','#','admin','2025-02-10 10:58:12.000000','',null,'');
INSERT INTO "ANALYSIS_PLATFORM"."SYS_MENU"("MENU_ID","MENU_NAME","PARENT_ID","ORDER_NUM","PATH","COMPONENT","QUERY","ROUTE_NAME","IS_FRAME","IS_CACHE","MENU_TYPE","VISIBLE","STATUS","PERMS","ICON","CREATE_BY","CREATE_TIME","UPDATE_BY","UPDATE_TIME","REMARK")
VALUES(1029,'字典导出',105,5,'#','','','',1,0,'F','0','0','system:dict:export','#','admin','2025-02-10 10:58:12.000000','',null,'');
INSERT INTO "ANALYSIS_PLATFORM"."SYS_MENU"("MENU_ID","MENU_NAME","PARENT_ID","ORDER_NUM","PATH","COMPONENT","QUERY","ROUTE_NAME","IS_FRAME","IS_CACHE","MENU_TYPE","VISIBLE","STATUS","PERMS","ICON","CREATE_BY","CREATE_TIME","UPDATE_BY","UPDATE_TIME","REMARK")
VALUES(1030,'参数查询',106,1,'#','','','',1,0,'F','0','0','system:config:query','#','admin','2025-02-10 10:58:12.000000','',null,'');
INSERT INTO "ANALYSIS_PLATFORM"."SYS_MENU"("MENU_ID","MENU_NAME","PARENT_ID","ORDER_NUM","PATH","COMPONENT","QUERY","ROUTE_NAME","IS_FRAME","IS_CACHE","MENU_TYPE","VISIBLE","STATUS","PERMS","ICON","CREATE_BY","CREATE_TIME","UPDATE_BY","UPDATE_TIME","REMARK")
VALUES(1031,'参数新增',106,2,'#','','','',1,0,'F','0','0','system:config:add','#','admin','2025-02-10 10:58:12.000000','',null,'');
INSERT INTO "ANALYSIS_PLATFORM"."SYS_MENU"("MENU_ID","MENU_NAME","PARENT_ID","ORDER_NUM","PATH","COMPONENT","QUERY","ROUTE_NAME","IS_FRAME","IS_CACHE","MENU_TYPE","VISIBLE","STATUS","PERMS","ICON","CREATE_BY","CREATE_TIME","UPDATE_BY","UPDATE_TIME","REMARK")
VALUES(1032,'参数修改',106,3,'#','','','',1,0,'F','0','0','system:config:edit','#','admin','2025-02-10 10:58:12.000000','',null,'');
INSERT INTO "ANALYSIS_PLATFORM"."SYS_MENU"("MENU_ID","MENU_NAME","PARENT_ID","ORDER_NUM","PATH","COMPONENT","QUERY","ROUTE_NAME","IS_FRAME","IS_CACHE","MENU_TYPE","VISIBLE","STATUS","PERMS","ICON","CREATE_BY","CREATE_TIME","UPDATE_BY","UPDATE_TIME","REMARK")
VALUES(1033,'参数删除',106,4,'#','','','',1,0,'F','0','0','system:config:remove','#','admin','2025-02-10 10:58:12.000000','',null,'');
INSERT INTO "ANALYSIS_PLATFORM"."SYS_MENU"("MENU_ID","MENU_NAME","PARENT_ID","ORDER_NUM","PATH","COMPONENT","QUERY","ROUTE_NAME","IS_FRAME","IS_CACHE","MENU_TYPE","VISIBLE","STATUS","PERMS","ICON","CREATE_BY","CREATE_TIME","UPDATE_BY","UPDATE_TIME","REMARK")
VALUES(1034,'参数导出',106,5,'#','','','',1,0,'F','0','0','system:config:export','#','admin','2025-02-10 10:58:12.000000','',null,'');
INSERT INTO "ANALYSIS_PLATFORM"."SYS_MENU"("MENU_ID","MENU_NAME","PARENT_ID","ORDER_NUM","PATH","COMPONENT","QUERY","ROUTE_NAME","IS_FRAME","IS_CACHE","MENU_TYPE","VISIBLE","STATUS","PERMS","ICON","CREATE_BY","CREATE_TIME","UPDATE_BY","UPDATE_TIME","REMARK")
VALUES(1035,'公告查询',107,1,'#','','','',1,0,'F','0','0','system:notice:query','#','admin','2025-02-10 10:58:12.000000','',null,'');
INSERT INTO "ANALYSIS_PLATFORM"."SYS_MENU"("MENU_ID","MENU_NAME","PARENT_ID","ORDER_NUM","PATH","COMPONENT","QUERY","ROUTE_NAME","IS_FRAME","IS_CACHE","MENU_TYPE","VISIBLE","STATUS","PERMS","ICON","CREATE_BY","CREATE_TIME","UPDATE_BY","UPDATE_TIME","REMARK")
VALUES(1036,'公告新增',107,2,'#','','','',1,0,'F','0','0','system:notice:add','#','admin','2025-02-10 10:58:12.000000','',null,'');
INSERT INTO "ANALYSIS_PLATFORM"."SYS_MENU"("MENU_ID","MENU_NAME","PARENT_ID","ORDER_NUM","PATH","COMPONENT","QUERY","ROUTE_NAME","IS_FRAME","IS_CACHE","MENU_TYPE","VISIBLE","STATUS","PERMS","ICON","CREATE_BY","CREATE_TIME","UPDATE_BY","UPDATE_TIME","REMARK")
VALUES(1037,'公告修改',107,3,'#','','','',1,0,'F','0','0','system:notice:edit','#','admin','2025-02-10 10:58:12.000000','',null,'');
INSERT INTO "ANALYSIS_PLATFORM"."SYS_MENU"("MENU_ID","MENU_NAME","PARENT_ID","ORDER_NUM","PATH","COMPONENT","QUERY","ROUTE_NAME","IS_FRAME","IS_CACHE","MENU_TYPE","VISIBLE","STATUS","PERMS","ICON","CREATE_BY","CREATE_TIME","UPDATE_BY","UPDATE_TIME","REMARK")
VALUES(1038,'公告删除',107,4,'#','','','',1,0,'F','0','0','system:notice:remove','#','admin','2025-02-10 10:58:12.000000','',null,'');
INSERT INTO "ANALYSIS_PLATFORM"."SYS_MENU"("MENU_ID","MENU_NAME","PARENT_ID","ORDER_NUM","PATH","COMPONENT","QUERY","ROUTE_NAME","IS_FRAME","IS_CACHE","MENU_TYPE","VISIBLE","STATUS","PERMS","ICON","CREATE_BY","CREATE_TIME","UPDATE_BY","UPDATE_TIME","REMARK")
VALUES(1039,'操作查询',500,1,'#','','','',1,0,'F','0','0','monitor:operlog:query','#','admin','2025-02-10 10:58:12.000000','',null,'');
INSERT INTO "ANALYSIS_PLATFORM"."SYS_MENU"("MENU_ID","MENU_NAME","PARENT_ID","ORDER_NUM","PATH","COMPONENT","QUERY","ROUTE_NAME","IS_FRAME","IS_CACHE","MENU_TYPE","VISIBLE","STATUS","PERMS","ICON","CREATE_BY","CREATE_TIME","UPDATE_BY","UPDATE_TIME","REMARK")
VALUES(1040,'操作删除',500,2,'#','','','',1,0,'F','0','0','monitor:operlog:remove','#','admin','2025-02-10 10:58:13.000000','',null,'');
INSERT INTO "ANALYSIS_PLATFORM"."SYS_MENU"("MENU_ID","MENU_NAME","PARENT_ID","ORDER_NUM","PATH","COMPONENT","QUERY","ROUTE_NAME","IS_FRAME","IS_CACHE","MENU_TYPE","VISIBLE","STATUS","PERMS","ICON","CREATE_BY","CREATE_TIME","UPDATE_BY","UPDATE_TIME","REMARK")
VALUES(1041,'日志导出',500,3,'#','','','',1,0,'F','0','0','monitor:operlog:export','#','admin','2025-02-10 10:58:13.000000','',null,'');
INSERT INTO "ANALYSIS_PLATFORM"."SYS_MENU"("MENU_ID","MENU_NAME","PARENT_ID","ORDER_NUM","PATH","COMPONENT","QUERY","ROUTE_NAME","IS_FRAME","IS_CACHE","MENU_TYPE","VISIBLE","STATUS","PERMS","ICON","CREATE_BY","CREATE_TIME","UPDATE_BY","UPDATE_TIME","REMARK")
VALUES(1042,'登录查询',501,1,'#','','','',1,0,'F','0','0','monitor:logininfor:query','#','admin','2025-02-10 10:58:13.000000','',null,'');
INSERT INTO "ANALYSIS_PLATFORM"."SYS_MENU"("MENU_ID","MENU_NAME","PARENT_ID","ORDER_NUM","PATH","COMPONENT","QUERY","ROUTE_NAME","IS_FRAME","IS_CACHE","MENU_TYPE","VISIBLE","STATUS","PERMS","ICON","CREATE_BY","CREATE_TIME","UPDATE_BY","UPDATE_TIME","REMARK")
VALUES(1043,'登录删除',501,2,'#','','','',1,0,'F','0','0','monitor:logininfor:remove','#','admin','2025-02-10 10:58:13.000000','',null,'');
INSERT INTO "ANALYSIS_PLATFORM"."SYS_MENU"("MENU_ID","MENU_NAME","PARENT_ID","ORDER_NUM","PATH","COMPONENT","QUERY","ROUTE_NAME","IS_FRAME","IS_CACHE","MENU_TYPE","VISIBLE","STATUS","PERMS","ICON","CREATE_BY","CREATE_TIME","UPDATE_BY","UPDATE_TIME","REMARK")
VALUES(1044,'日志导出',501,3,'#','','','',1,0,'F','0','0','monitor:logininfor:export','#','admin','2025-02-10 10:58:13.000000','',null,'');
INSERT INTO "ANALYSIS_PLATFORM"."SYS_MENU"("MENU_ID","MENU_NAME","PARENT_ID","ORDER_NUM","PATH","COMPONENT","QUERY","ROUTE_NAME","IS_FRAME","IS_CACHE","MENU_TYPE","VISIBLE","STATUS","PERMS","ICON","CREATE_BY","CREATE_TIME","UPDATE_BY","UPDATE_TIME","REMARK")
VALUES(1045,'账户解锁',501,4,'#','','','',1,0,'F','0','0','monitor:logininfor:unlock','#','admin','2025-02-10 10:58:13.000000','',null,'');
INSERT INTO "ANALYSIS_PLATFORM"."SYS_MENU"("MENU_ID","MENU_NAME","PARENT_ID","ORDER_NUM","PATH","COMPONENT","QUERY","ROUTE_NAME","IS_FRAME","IS_CACHE","MENU_TYPE","VISIBLE","STATUS","PERMS","ICON","CREATE_BY","CREATE_TIME","UPDATE_BY","UPDATE_TIME","REMARK")
VALUES(1046,'在线查询',109,1,'#','','','',1,0,'F','0','0','monitor:online:query','#','admin','2025-02-10 10:58:13.000000','',null,'');
INSERT INTO "ANALYSIS_PLATFORM"."SYS_MENU"("MENU_ID","MENU_NAME","PARENT_ID","ORDER_NUM","PATH","COMPONENT","QUERY","ROUTE_NAME","IS_FRAME","IS_CACHE","MENU_TYPE","VISIBLE","STATUS","PERMS","ICON","CREATE_BY","CREATE_TIME","UPDATE_BY","UPDATE_TIME","REMARK")
VALUES(1047,'批量强退',109,2,'#','','','',1,0,'F','0','0','monitor:online:batchLogout','#','admin','2025-02-10 10:58:13.000000','',null,'');
INSERT INTO "ANALYSIS_PLATFORM"."SYS_MENU"("MENU_ID","MENU_NAME","PARENT_ID","ORDER_NUM","PATH","COMPONENT","QUERY","ROUTE_NAME","IS_FRAME","IS_CACHE","MENU_TYPE","VISIBLE","STATUS","PERMS","ICON","CREATE_BY","CREATE_TIME","UPDATE_BY","UPDATE_TIME","REMARK")
VALUES(1048,'单条强退',109,3,'#','','','',1,0,'F','0','0','monitor:online:forceLogout','#','admin','2025-02-10 10:58:13.000000','',null,'');
INSERT INTO "ANALYSIS_PLATFORM"."SYS_MENU"("MENU_ID","MENU_NAME","PARENT_ID","ORDER_NUM","PATH","COMPONENT","QUERY","ROUTE_NAME","IS_FRAME","IS_CACHE","MENU_TYPE","VISIBLE","STATUS","PERMS","ICON","CREATE_BY","CREATE_TIME","UPDATE_BY","UPDATE_TIME","REMARK")
VALUES(1049,'任务查询',110,1,'#','','','',1,0,'F','0','0','monitor:job:query','#','admin','2025-02-10 10:58:13.000000','',null,'');
INSERT INTO "ANALYSIS_PLATFORM"."SYS_MENU"("MENU_ID","MENU_NAME","PARENT_ID","ORDER_NUM","PATH","COMPONENT","QUERY","ROUTE_NAME","IS_FRAME","IS_CACHE","MENU_TYPE","VISIBLE","STATUS","PERMS","ICON","CREATE_BY","CREATE_TIME","UPDATE_BY","UPDATE_TIME","REMARK")
VALUES(1050,'任务新增',110,2,'#','','','',1,0,'F','0','0','monitor:job:add','#','admin','2025-02-10 10:58:14.000000','',null,'');
INSERT INTO "ANALYSIS_PLATFORM"."SYS_MENU"("MENU_ID","MENU_NAME","PARENT_ID","ORDER_NUM","PATH","COMPONENT","QUERY","ROUTE_NAME","IS_FRAME","IS_CACHE","MENU_TYPE","VISIBLE","STATUS","PERMS","ICON","CREATE_BY","CREATE_TIME","UPDATE_BY","UPDATE_TIME","REMARK")
VALUES(1051,'任务修改',110,3,'#','','','',1,0,'F','0','0','monitor:job:edit','#','admin','2025-02-10 10:58:14.000000','',null,'');
INSERT INTO "ANALYSIS_PLATFORM"."SYS_MENU"("MENU_ID","MENU_NAME","PARENT_ID","ORDER_NUM","PATH","COMPONENT","QUERY","ROUTE_NAME","IS_FRAME","IS_CACHE","MENU_TYPE","VISIBLE","STATUS","PERMS","ICON","CREATE_BY","CREATE_TIME","UPDATE_BY","UPDATE_TIME","REMARK")
VALUES(1052,'任务删除',110,4,'#','','','',1,0,'F','0','0','monitor:job:remove','#','admin','2025-02-10 10:58:14.000000','',null,'');
INSERT INTO "ANALYSIS_PLATFORM"."SYS_MENU"("MENU_ID","MENU_NAME","PARENT_ID","ORDER_NUM","PATH","COMPONENT","QUERY","ROUTE_NAME","IS_FRAME","IS_CACHE","MENU_TYPE","VISIBLE","STATUS","PERMS","ICON","CREATE_BY","CREATE_TIME","UPDATE_BY","UPDATE_TIME","REMARK")
VALUES(1053,'状态修改',110,5,'#','','','',1,0,'F','0','0','monitor:job:changeStatus','#','admin','2025-02-10 10:58:14.000000','',null,'');
INSERT INTO "ANALYSIS_PLATFORM"."SYS_MENU"("MENU_ID","MENU_NAME","PARENT_ID","ORDER_NUM","PATH","COMPONENT","QUERY","ROUTE_NAME","IS_FRAME","IS_CACHE","MENU_TYPE","VISIBLE","STATUS","PERMS","ICON","CREATE_BY","CREATE_TIME","UPDATE_BY","UPDATE_TIME","REMARK")
VALUES(1054,'任务导出',110,6,'#','','','',1,0,'F','0','0','monitor:job:export','#','admin','2025-02-10 10:58:14.000000','',null,'');
INSERT INTO "ANALYSIS_PLATFORM"."SYS_MENU"("MENU_ID","MENU_NAME","PARENT_ID","ORDER_NUM","PATH","COMPONENT","QUERY","ROUTE_NAME","IS_FRAME","IS_CACHE","MENU_TYPE","VISIBLE","STATUS","PERMS","ICON","CREATE_BY","CREATE_TIME","UPDATE_BY","UPDATE_TIME","REMARK")
VALUES(1055,'生成查询',116,1,'#','','','',1,0,'F','0','0','tool:gen:query','#','admin','2025-02-10 10:58:14.000000','',null,'');
INSERT INTO "ANALYSIS_PLATFORM"."SYS_MENU"("MENU_ID","MENU_NAME","PARENT_ID","ORDER_NUM","PATH","COMPONENT","QUERY","ROUTE_NAME","IS_FRAME","IS_CACHE","MENU_TYPE","VISIBLE","STATUS","PERMS","ICON","CREATE_BY","CREATE_TIME","UPDATE_BY","UPDATE_TIME","REMARK")
VALUES(1056,'生成修改',116,2,'#','','','',1,0,'F','0','0','tool:gen:edit','#','admin','2025-02-10 10:58:14.000000','',null,'');
INSERT INTO "ANALYSIS_PLATFORM"."SYS_MENU"("MENU_ID","MENU_NAME","PARENT_ID","ORDER_NUM","PATH","COMPONENT","QUERY","ROUTE_NAME","IS_FRAME","IS_CACHE","MENU_TYPE","VISIBLE","STATUS","PERMS","ICON","CREATE_BY","CREATE_TIME","UPDATE_BY","UPDATE_TIME","REMARK")
VALUES(1057,'生成删除',116,3,'#','','','',1,0,'F','0','0','tool:gen:remove','#','admin','2025-02-10 10:58:14.000000','',null,'');
INSERT INTO "ANALYSIS_PLATFORM"."SYS_MENU"("MENU_ID","MENU_NAME","PARENT_ID","ORDER_NUM","PATH","COMPONENT","QUERY","ROUTE_NAME","IS_FRAME","IS_CACHE","MENU_TYPE","VISIBLE","STATUS","PERMS","ICON","CREATE_BY","CREATE_TIME","UPDATE_BY","UPDATE_TIME","REMARK")
VALUES(1058,'导入代码',116,4,'#','','','',1,0,'F','0','0','tool:gen:import','#','admin','2025-02-10 10:58:14.000000','',null,'');
INSERT INTO "ANALYSIS_PLATFORM"."SYS_MENU"("MENU_ID","MENU_NAME","PARENT_ID","ORDER_NUM","PATH","COMPONENT","QUERY","ROUTE_NAME","IS_FRAME","IS_CACHE","MENU_TYPE","VISIBLE","STATUS","PERMS","ICON","CREATE_BY","CREATE_TIME","UPDATE_BY","UPDATE_TIME","REMARK")
VALUES(1059,'预览代码',116,5,'#','','','',1,0,'F','0','0','tool:gen:preview','#','admin','2025-02-10 10:58:15.000000','',null,'');
INSERT INTO "ANALYSIS_PLATFORM"."SYS_MENU"("MENU_ID","MENU_NAME","PARENT_ID","ORDER_NUM","PATH","COMPONENT","QUERY","ROUTE_NAME","IS_FRAME","IS_CACHE","MENU_TYPE","VISIBLE","STATUS","PERMS","ICON","CREATE_BY","CREATE_TIME","UPDATE_BY","UPDATE_TIME","REMARK")
VALUES(1060,'生成代码',116,6,'#','','','',1,0,'F','0','0','tool:gen:code','#','admin','2025-02-10 10:58:15.000000','',null,'');
INSERT INTO "ANALYSIS_PLATFORM"."SYS_MENU"("MENU_ID","MENU_NAME","PARENT_ID","ORDER_NUM","PATH","COMPONENT","QUERY","ROUTE_NAME","IS_FRAME","IS_CACHE","MENU_TYPE","VISIBLE","STATUS","PERMS","ICON","CREATE_BY","CREATE_TIME","UPDATE_BY","UPDATE_TIME","REMARK")
VALUES(2000,'行为识别',0,1,'mapcar','',null,'',1,1,'M','0','0','','international','admin','2025-06-27 11:43:32.000000','admin','2025-07-25 15:36:00.000000','');
INSERT INTO "ANALYSIS_PLATFORM"."SYS_MENU"("MENU_ID","MENU_NAME","PARENT_ID","ORDER_NUM","PATH","COMPONENT","QUERY","ROUTE_NAME","IS_FRAME","IS_CACHE","MENU_TYPE","VISIBLE","STATUS","PERMS","ICON","CREATE_BY","CREATE_TIME","UPDATE_BY","UPDATE_TIME","REMARK")
VALUES(2002,'行为识别列表',2000,0,'vehiclePath','mapcar/vehiclePath/index',null,'',1,0,'C','0','0','order:list','#','admin','2025-07-09 16:33:34.000000','admin','2025-07-25 15:56:41.000000','');
INSERT INTO "ANALYSIS_PLATFORM"."SYS_MENU"("MENU_ID","MENU_NAME","PARENT_ID","ORDER_NUM","PATH","COMPONENT","QUERY","ROUTE_NAME","IS_FRAME","IS_CACHE","MENU_TYPE","VISIBLE","STATUS","PERMS","ICON","CREATE_BY","CREATE_TIME","UPDATE_BY","UPDATE_TIME","REMARK")
VALUES(2003,'定位详情',2000,1,'vehiclePath-detail','mapcar/vehiclePath/detail',null,'',1,1,'C','1','0','vehiclePath-detail','#','admin','2025-07-09 17:15:01.000000','admin','2025-07-09 17:18:15.000000','');
INSERT INTO "ANALYSIS_PLATFORM"."SYS_MENU"("MENU_ID","MENU_NAME","PARENT_ID","ORDER_NUM","PATH","COMPONENT","QUERY","ROUTE_NAME","IS_FRAME","IS_CACHE","MENU_TYPE","VISIBLE","STATUS","PERMS","ICON","CREATE_BY","CREATE_TIME","UPDATE_BY","UPDATE_TIME","REMARK")
VALUES(2005,'订阅管理',3,1,'subscribe','system/subscribe/index',null,'',1,0,'C','0','0','system:subscribe:list','server','admin','2025-09-09 16:27:45.000000','admin','2025-09-09 18:14:09.000000','订阅管理菜单');
INSERT INTO "ANALYSIS_PLATFORM"."SYS_MENU"("MENU_ID","MENU_NAME","PARENT_ID","ORDER_NUM","PATH","COMPONENT","QUERY","ROUTE_NAME","IS_FRAME","IS_CACHE","MENU_TYPE","VISIBLE","STATUS","PERMS","ICON","CREATE_BY","CREATE_TIME","UPDATE_BY","UPDATE_TIME","REMARK")
VALUES(2006,'订阅信息查询',2005,1,'#','',null,'',1,0,'F','0','0','system:SUBSCRIBE:query','#','admin','2025-09-09 16:29:42.000000','',null,'');
INSERT INTO "ANALYSIS_PLATFORM"."SYS_MENU"("MENU_ID","MENU_NAME","PARENT_ID","ORDER_NUM","PATH","COMPONENT","QUERY","ROUTE_NAME","IS_FRAME","IS_CACHE","MENU_TYPE","VISIBLE","STATUS","PERMS","ICON","CREATE_BY","CREATE_TIME","UPDATE_BY","UPDATE_TIME","REMARK")
VALUES(2007,'订阅信息新增',2005,2,'#','',null,'',1,0,'F','0','0','system:SUBSCRIBE:add','#','admin','2025-09-09 16:29:47.000000','',null,'');
INSERT INTO "ANALYSIS_PLATFORM"."SYS_MENU"("MENU_ID","MENU_NAME","PARENT_ID","ORDER_NUM","PATH","COMPONENT","QUERY","ROUTE_NAME","IS_FRAME","IS_CACHE","MENU_TYPE","VISIBLE","STATUS","PERMS","ICON","CREATE_BY","CREATE_TIME","UPDATE_BY","UPDATE_TIME","REMARK")
VALUES(2008,'订阅信息修改',2005,3,'#','',null,'',1,0,'F','0','0','system:SUBSCRIBE:edit','#','admin','2025-09-09 16:29:50.000000','',null,'');
INSERT INTO "ANALYSIS_PLATFORM"."SYS_MENU"("MENU_ID","MENU_NAME","PARENT_ID","ORDER_NUM","PATH","COMPONENT","QUERY","ROUTE_NAME","IS_FRAME","IS_CACHE","MENU_TYPE","VISIBLE","STATUS","PERMS","ICON","CREATE_BY","CREATE_TIME","UPDATE_BY","UPDATE_TIME","REMARK")
VALUES(2009,'订阅信息删除',2005,4,'#','',null,'',1,0,'F','0','0','system:SUBSCRIBE:remove','#','admin','2025-09-09 16:29:54.000000','',null,'');
INSERT INTO "ANALYSIS_PLATFORM"."SYS_MENU"("MENU_ID","MENU_NAME","PARENT_ID","ORDER_NUM","PATH","COMPONENT","QUERY","ROUTE_NAME","IS_FRAME","IS_CACHE","MENU_TYPE","VISIBLE","STATUS","PERMS","ICON","CREATE_BY","CREATE_TIME","UPDATE_BY","UPDATE_TIME","REMARK")
VALUES(2010,'订阅信息导出',2005,5,'#','',null,'',1,0,'F','0','0','system:SUBSCRIBE:export','#','admin','2025-09-09 16:29:57.000000','',null,'');
INSERT INTO "ANALYSIS_PLATFORM"."SYS_MENU"("MENU_ID","MENU_NAME","PARENT_ID","ORDER_NUM","PATH","COMPONENT","QUERY","ROUTE_NAME","IS_FRAME","IS_CACHE","MENU_TYPE","VISIBLE","STATUS","PERMS","ICON","CREATE_BY","CREATE_TIME","UPDATE_BY","UPDATE_TIME","REMARK")
VALUES(2011,'信标管理',2000,1,'beaconInfo','experiment/beaconInfo/index',null,'',1,0,'C','0','0','experiment:beaconInfo:list','#','admin','2025-09-15 18:10:40.000000','admin','2025-12-09 15:19:52.000000','信标信息菜单');
INSERT INTO "ANALYSIS_PLATFORM"."SYS_MENU"("MENU_ID","MENU_NAME","PARENT_ID","ORDER_NUM","PATH","COMPONENT","QUERY","ROUTE_NAME","IS_FRAME","IS_CACHE","MENU_TYPE","VISIBLE","STATUS","PERMS","ICON","CREATE_BY","CREATE_TIME","UPDATE_BY","UPDATE_TIME","REMARK")
VALUES(2012,'信标信息查询',2011,1,'#','',null,'',1,0,'F','0','0','experiment:beaconInfo:query','#','admin','2025-09-15 18:13:28.000000','',null,'');
INSERT INTO "ANALYSIS_PLATFORM"."SYS_MENU"("MENU_ID","MENU_NAME","PARENT_ID","ORDER_NUM","PATH","COMPONENT","QUERY","ROUTE_NAME","IS_FRAME","IS_CACHE","MENU_TYPE","VISIBLE","STATUS","PERMS","ICON","CREATE_BY","CREATE_TIME","UPDATE_BY","UPDATE_TIME","REMARK")
VALUES(2013,'信标信息新增',2011,2,'#','',null,'',1,0,'F','0','0','experiment:beaconInfo:add','#','admin','2025-09-15 18:13:32.000000','',null,'');
INSERT INTO "ANALYSIS_PLATFORM"."SYS_MENU"("MENU_ID","MENU_NAME","PARENT_ID","ORDER_NUM","PATH","COMPONENT","QUERY","ROUTE_NAME","IS_FRAME","IS_CACHE","MENU_TYPE","VISIBLE","STATUS","PERMS","ICON","CREATE_BY","CREATE_TIME","UPDATE_BY","UPDATE_TIME","REMARK")
VALUES(2014,'信标信息修改',2011,3,'#','',null,'',1,0,'F','0','0','experiment:beaconInfo:edit','#','admin','2025-09-15 18:13:36.000000','',null,'');
INSERT INTO "ANALYSIS_PLATFORM"."SYS_MENU"("MENU_ID","MENU_NAME","PARENT_ID","ORDER_NUM","PATH","COMPONENT","QUERY","ROUTE_NAME","IS_FRAME","IS_CACHE","MENU_TYPE","VISIBLE","STATUS","PERMS","ICON","CREATE_BY","CREATE_TIME","UPDATE_BY","UPDATE_TIME","REMARK")
VALUES(2015,'信标信息删除',2011,4,'#','',null,'',1,0,'F','0','0','experiment:beaconInfo:remove','#','admin','2025-09-15 18:13:39.000000','',null,'');
INSERT INTO "ANALYSIS_PLATFORM"."SYS_MENU"("MENU_ID","MENU_NAME","PARENT_ID","ORDER_NUM","PATH","COMPONENT","QUERY","ROUTE_NAME","IS_FRAME","IS_CACHE","MENU_TYPE","VISIBLE","STATUS","PERMS","ICON","CREATE_BY","CREATE_TIME","UPDATE_BY","UPDATE_TIME","REMARK")
VALUES(2016,'信标信息导出',2011,5,'#','',null,'',1,0,'F','0','0','experiment:beaconInfo:export','#','admin','2025-09-15 18:13:43.000000','',null,'');
INSERT INTO "ANALYSIS_PLATFORM"."SYS_MENU"("MENU_ID","MENU_NAME","PARENT_ID","ORDER_NUM","PATH","COMPONENT","QUERY","ROUTE_NAME","IS_FRAME","IS_CACHE","MENU_TYPE","VISIBLE","STATUS","PERMS","ICON","CREATE_BY","CREATE_TIME","UPDATE_BY","UPDATE_TIME","REMARK")
VALUES(2017,'数据导出',2000,2,'experiment/locationInfo/index','experiment/locationInfo/index',null,'',1,0,'C','0','0','experiment:locationInfo:export','#','admin','2025-11-04 17:38:23.000000','admin','2026-02-06 11:29:29.000000','');
INSERT INTO "ANALYSIS_PLATFORM"."SYS_MENU"("MENU_ID","MENU_NAME","PARENT_ID","ORDER_NUM","PATH","COMPONENT","QUERY","ROUTE_NAME","IS_FRAME","IS_CACHE","MENU_TYPE","VISIBLE","STATUS","PERMS","ICON","CREATE_BY","CREATE_TIME","UPDATE_BY","UPDATE_TIME","REMARK")
VALUES(2018,'定位卡管理',2000,2,'cardInfo','experiment/cardInfo/index',null,'',1,0,'C','0','0','experiment:cardInfo:list','#','admin','2025-11-13 17:11:29.000000','',null,'定位卡管理菜单');
INSERT INTO "ANALYSIS_PLATFORM"."SYS_MENU"("MENU_ID","MENU_NAME","PARENT_ID","ORDER_NUM","PATH","COMPONENT","QUERY","ROUTE_NAME","IS_FRAME","IS_CACHE","MENU_TYPE","VISIBLE","STATUS","PERMS","ICON","CREATE_BY","CREATE_TIME","UPDATE_BY","UPDATE_TIME","REMARK")
VALUES(2019,'定位卡管理查询',2018,1,'#','',null,'',1,0,'F','0','0','experiment:cardInfo:query','#','admin','2025-11-13 17:13:14.000000','',null,'');
INSERT INTO "ANALYSIS_PLATFORM"."SYS_MENU"("MENU_ID","MENU_NAME","PARENT_ID","ORDER_NUM","PATH","COMPONENT","QUERY","ROUTE_NAME","IS_FRAME","IS_CACHE","MENU_TYPE","VISIBLE","STATUS","PERMS","ICON","CREATE_BY","CREATE_TIME","UPDATE_BY","UPDATE_TIME","REMARK")
VALUES(2020,'定位卡管理新增',2018,2,'#','',null,'',1,0,'F','0','0','experiment:cardInfo:add','#','admin','2025-11-13 17:13:14.000000','',null,'');
INSERT INTO "ANALYSIS_PLATFORM"."SYS_MENU"("MENU_ID","MENU_NAME","PARENT_ID","ORDER_NUM","PATH","COMPONENT","QUERY","ROUTE_NAME","IS_FRAME","IS_CACHE","MENU_TYPE","VISIBLE","STATUS","PERMS","ICON","CREATE_BY","CREATE_TIME","UPDATE_BY","UPDATE_TIME","REMARK")
VALUES(2021,'定位卡管理修改',2018,3,'#','',null,'',1,0,'F','0','0','experiment:cardInfo:edit','#','admin','2025-11-13 17:13:14.000000','',null,'');
INSERT INTO "ANALYSIS_PLATFORM"."SYS_MENU"("MENU_ID","MENU_NAME","PARENT_ID","ORDER_NUM","PATH","COMPONENT","QUERY","ROUTE_NAME","IS_FRAME","IS_CACHE","MENU_TYPE","VISIBLE","STATUS","PERMS","ICON","CREATE_BY","CREATE_TIME","UPDATE_BY","UPDATE_TIME","REMARK")
VALUES(2022,'定位卡管理删除',2018,4,'#','',null,'',1,0,'F','0','0','experiment:cardInfo:remove','#','admin','2025-11-13 17:13:14.000000','',null,'');
INSERT INTO "ANALYSIS_PLATFORM"."SYS_MENU"("MENU_ID","MENU_NAME","PARENT_ID","ORDER_NUM","PATH","COMPONENT","QUERY","ROUTE_NAME","IS_FRAME","IS_CACHE","MENU_TYPE","VISIBLE","STATUS","PERMS","ICON","CREATE_BY","CREATE_TIME","UPDATE_BY","UPDATE_TIME","REMARK")
VALUES(2023,'定位卡管理导出',2018,5,'#','',null,'',1,0,'F','0','0','experiment:cardInfo:export','#','admin','2025-11-13 17:13:14.000000','',null,'');
SET IDENTITY_INSERT "ANALYSIS_PLATFORM"."SYS_MENU" OFF;


-- ----------------------------
-- 16、通知公告表
-- ----------------------------
CREATE TABLE "ANALYSIS_PLATFORM"."SYS_NOTICE"
(
    "NOTICE_ID" INT IDENTITY(2, 1) NOT NULL,
    "NOTICE_TITLE" VARCHAR(50) NOT NULL,
    "NOTICE_TYPE" CHAR(1) NOT NULL,
    "NOTICE_CONTENT" BLOB,
    "STATUS" CHAR(1) DEFAULT '0',
    "CREATE_BY" VARCHAR(64) DEFAULT '',
    "CREATE_TIME" TIMESTAMP(0),
    "UPDATE_BY" VARCHAR(64) DEFAULT '',
    "UPDATE_TIME" TIMESTAMP(0),
    "REMARK" VARCHAR(255),
    NOT CLUSTER PRIMARY KEY("NOTICE_ID")) STORAGE(ON "MAIN", CLUSTERBTR) ;
COMMENT ON TABLE "ANALYSIS_PLATFORM"."SYS_NOTICE" IS '通知公告表';
COMMENT ON COLUMN "ANALYSIS_PLATFORM"."SYS_NOTICE"."NOTICE_ID" IS '公告ID';
COMMENT ON COLUMN "ANALYSIS_PLATFORM"."SYS_NOTICE"."NOTICE_TITLE" IS '公告标题';
COMMENT ON COLUMN "ANALYSIS_PLATFORM"."SYS_NOTICE"."NOTICE_TYPE" IS '公告类型（1通知 2公告）';
COMMENT ON COLUMN "ANALYSIS_PLATFORM"."SYS_NOTICE"."NOTICE_CONTENT" IS '公告内容';
COMMENT ON COLUMN "ANALYSIS_PLATFORM"."SYS_NOTICE"."STATUS" IS '公告状态（0正常 1关闭）';
COMMENT ON COLUMN "ANALYSIS_PLATFORM"."SYS_NOTICE"."CREATE_BY" IS '创建者';
COMMENT ON COLUMN "ANALYSIS_PLATFORM"."SYS_NOTICE"."CREATE_TIME" IS '创建时间';
COMMENT ON COLUMN "ANALYSIS_PLATFORM"."SYS_NOTICE"."UPDATE_BY" IS '更新者';
COMMENT ON COLUMN "ANALYSIS_PLATFORM"."SYS_NOTICE"."UPDATE_TIME" IS '更新时间';
COMMENT ON COLUMN "ANALYSIS_PLATFORM"."SYS_NOTICE"."REMARK" IS '备注';


-- ----------------------------
-- 17、操作日志记录
-- ----------------------------
CREATE TABLE "ANALYSIS_PLATFORM"."SYS_OPER_LOG"
(
    "OPER_ID" BIGINT IDENTITY(941, 1) NOT NULL,
    "TITLE" VARCHAR(50) DEFAULT '',
    "BUSINESS_TYPE" INT DEFAULT 0,
    "METHOD" VARCHAR(200) DEFAULT '',
    "REQUEST_METHOD" VARCHAR(10) DEFAULT '',
    "OPERATOR_TYPE" INT DEFAULT 0,
    "OPER_NAME" VARCHAR(50) DEFAULT '',
    "DEPT_NAME" VARCHAR(50) DEFAULT '',
    "OPER_URL" VARCHAR(255) DEFAULT '',
    "OPER_IP" VARCHAR(128) DEFAULT '',
    "OPER_LOCATION" VARCHAR(255) DEFAULT '',
    "OPER_PARAM" VARCHAR(5000) DEFAULT '',
    "JSON_RESULT" VARCHAR(2000) DEFAULT '',
    "STATUS" INT DEFAULT 0,
    "ERROR_MSG" VARCHAR(2000) DEFAULT '',
    "OPER_TIME" TIMESTAMP(0),
    "COST_TIME" BIGINT DEFAULT 0,
    NOT CLUSTER PRIMARY KEY("OPER_ID")) STORAGE(ON "MAIN", CLUSTERBTR) ;
CREATE OR REPLACE  INDEX "ANALYSIS_PLATFORM"."IDX_SYS_OPER_LOG_OT" ON "ANALYSIS_PLATFORM"."SYS_OPER_LOG"("OPER_TIME" ASC) STORAGE(ON "MAIN", CLUSTERBTR) ;
CREATE OR REPLACE  INDEX "ANALYSIS_PLATFORM"."IDX_SYS_OPER_LOG_S" ON "ANALYSIS_PLATFORM"."SYS_OPER_LOG"("STATUS" ASC) STORAGE(ON "MAIN", CLUSTERBTR) ;
CREATE OR REPLACE  INDEX "ANALYSIS_PLATFORM"."IDX_SYS_OPER_LOG_BT" ON "ANALYSIS_PLATFORM"."SYS_OPER_LOG"("BUSINESS_TYPE" ASC) STORAGE(ON "MAIN", CLUSTERBTR) ;
COMMENT ON TABLE "ANALYSIS_PLATFORM"."SYS_OPER_LOG" IS '操作日志记录';
COMMENT ON COLUMN "ANALYSIS_PLATFORM"."SYS_OPER_LOG"."OPER_ID" IS '日志主键';
COMMENT ON COLUMN "ANALYSIS_PLATFORM"."SYS_OPER_LOG"."TITLE" IS '模块标题';
COMMENT ON COLUMN "ANALYSIS_PLATFORM"."SYS_OPER_LOG"."BUSINESS_TYPE" IS '业务类型（0其它 1新增 2修改 3删除）';
COMMENT ON COLUMN "ANALYSIS_PLATFORM"."SYS_OPER_LOG"."METHOD" IS '方法名称';
COMMENT ON COLUMN "ANALYSIS_PLATFORM"."SYS_OPER_LOG"."REQUEST_METHOD" IS '请求方式';
COMMENT ON COLUMN "ANALYSIS_PLATFORM"."SYS_OPER_LOG"."OPERATOR_TYPE" IS '操作类别（0其它 1后台用户 2手机端用户）';
COMMENT ON COLUMN "ANALYSIS_PLATFORM"."SYS_OPER_LOG"."OPER_NAME" IS '操作人员';
COMMENT ON COLUMN "ANALYSIS_PLATFORM"."SYS_OPER_LOG"."DEPT_NAME" IS '部门名称';
COMMENT ON COLUMN "ANALYSIS_PLATFORM"."SYS_OPER_LOG"."OPER_URL" IS '请求URL';
COMMENT ON COLUMN "ANALYSIS_PLATFORM"."SYS_OPER_LOG"."OPER_IP" IS '主机地址';
COMMENT ON COLUMN "ANALYSIS_PLATFORM"."SYS_OPER_LOG"."OPER_LOCATION" IS '操作地点';
COMMENT ON COLUMN "ANALYSIS_PLATFORM"."SYS_OPER_LOG"."OPER_PARAM" IS '请求参数';
COMMENT ON COLUMN "ANALYSIS_PLATFORM"."SYS_OPER_LOG"."JSON_RESULT" IS '返回参数';
COMMENT ON COLUMN "ANALYSIS_PLATFORM"."SYS_OPER_LOG"."STATUS" IS '操作状态（0正常 1异常）';
COMMENT ON COLUMN "ANALYSIS_PLATFORM"."SYS_OPER_LOG"."ERROR_MSG" IS '错误消息';
COMMENT ON COLUMN "ANALYSIS_PLATFORM"."SYS_OPER_LOG"."OPER_TIME" IS '操作时间';
COMMENT ON COLUMN "ANALYSIS_PLATFORM"."SYS_OPER_LOG"."COST_TIME" IS '消耗时间';


-- ----------------------------
-- 18、代码生成业务表字段
-- ----------------------------
CREATE TABLE "ANALYSIS_PLATFORM"."SYS_POST"
(
    "POST_ID" BIGINT IDENTITY(1, 1) NOT NULL,
    "POST_CODE" VARCHAR(64) NOT NULL,
    "POST_NAME" VARCHAR(50) NOT NULL,
    "POST_SORT" INT NOT NULL,
    "STATUS" CHAR(1) NOT NULL,
    "CREATE_BY" VARCHAR(64) DEFAULT '',
    "CREATE_TIME" TIMESTAMP(0),
    "UPDATE_BY" VARCHAR(64) DEFAULT '',
    "UPDATE_TIME" TIMESTAMP(0),
    "REMARK" VARCHAR(500),
    NOT CLUSTER PRIMARY KEY("POST_ID")) STORAGE(ON "MAIN", CLUSTERBTR) ;
COMMENT ON TABLE "ANALYSIS_PLATFORM"."SYS_POST" IS '岗位信息表';
COMMENT ON COLUMN "ANALYSIS_PLATFORM"."SYS_POST"."POST_ID" IS '岗位ID';
COMMENT ON COLUMN "ANALYSIS_PLATFORM"."SYS_POST"."POST_CODE" IS '岗位编码';
COMMENT ON COLUMN "ANALYSIS_PLATFORM"."SYS_POST"."POST_NAME" IS '岗位名称';
COMMENT ON COLUMN "ANALYSIS_PLATFORM"."SYS_POST"."POST_SORT" IS '显示顺序';
COMMENT ON COLUMN "ANALYSIS_PLATFORM"."SYS_POST"."STATUS" IS '状态（0正常 1停用）';
COMMENT ON COLUMN "ANALYSIS_PLATFORM"."SYS_POST"."CREATE_BY" IS '创建者';
COMMENT ON COLUMN "ANALYSIS_PLATFORM"."SYS_POST"."CREATE_TIME" IS '创建时间';
COMMENT ON COLUMN "ANALYSIS_PLATFORM"."SYS_POST"."UPDATE_BY" IS '更新者';
COMMENT ON COLUMN "ANALYSIS_PLATFORM"."SYS_POST"."UPDATE_TIME" IS '更新时间';
COMMENT ON COLUMN "ANALYSIS_PLATFORM"."SYS_POST"."REMARK" IS '备注';
SET IDENTITY_INSERT "ANALYSIS_PLATFORM"."SYS_POST" ON;
INSERT INTO "ANALYSIS_PLATFORM"."SYS_POST"("POST_ID","POST_CODE","POST_NAME","POST_SORT","STATUS","CREATE_BY","CREATE_TIME","UPDATE_BY","UPDATE_TIME","REMARK")
VALUES(1,'ceo','董事长',1,'0','admin','2025-02-10 10:58:05','',null,'');
INSERT INTO "ANALYSIS_PLATFORM"."SYS_POST"("POST_ID","POST_CODE","POST_NAME","POST_SORT","STATUS","CREATE_BY","CREATE_TIME","UPDATE_BY","UPDATE_TIME","REMARK")
VALUES(2,'se','项目经理',2,'0','admin','2025-02-10 10:58:05','',null,'');
INSERT INTO "ANALYSIS_PLATFORM"."SYS_POST"("POST_ID","POST_CODE","POST_NAME","POST_SORT","STATUS","CREATE_BY","CREATE_TIME","UPDATE_BY","UPDATE_TIME","REMARK")
VALUES(3,'hr','人力资源',3,'0','admin','2025-02-10 10:58:05','',null,'');
INSERT INTO "ANALYSIS_PLATFORM"."SYS_POST"("POST_ID","POST_CODE","POST_NAME","POST_SORT","STATUS","CREATE_BY","CREATE_TIME","UPDATE_BY","UPDATE_TIME","REMARK")
VALUES(4,'user','普通员工',4,'0','admin','2025-02-10 10:58:05','',null,'');
SET IDENTITY_INSERT "ANALYSIS_PLATFORM"."SYS_POST" OFF;


-- ----------------------------
-- 19、角色和部门关联表
-- ----------------------------
CREATE TABLE "ANALYSIS_PLATFORM"."SYS_ROLE_DEPT"
(
    "ROLE_ID" BIGINT NOT NULL,
    "DEPT_ID" BIGINT NOT NULL,
    NOT CLUSTER PRIMARY KEY("ROLE_ID", "DEPT_ID")) STORAGE(ON "MAIN", CLUSTERBTR) ;
COMMENT ON TABLE "ANALYSIS_PLATFORM"."SYS_ROLE_DEPT" IS '角色和部门关联表';
COMMENT ON COLUMN "ANALYSIS_PLATFORM"."SYS_ROLE_DEPT"."ROLE_ID" IS '角色ID';
COMMENT ON COLUMN "ANALYSIS_PLATFORM"."SYS_ROLE_DEPT"."DEPT_ID" IS '部门ID';

INSERT INTO "ANALYSIS_PLATFORM"."SYS_ROLE_DEPT"("ROLE_ID","DEPT_ID")
VALUES(2,100);
INSERT INTO "ANALYSIS_PLATFORM"."SYS_ROLE_DEPT"("ROLE_ID","DEPT_ID")
VALUES(2,101);
INSERT INTO "ANALYSIS_PLATFORM"."SYS_ROLE_DEPT"("ROLE_ID","DEPT_ID")
VALUES(2,105);


-- ----------------------------
-- 20、角色和菜单关联表
-- ----------------------------
CREATE TABLE "ANALYSIS_PLATFORM"."SYS_ROLE_MENU"
(
    "ROLE_ID" BIGINT NOT NULL,
    "MENU_ID" BIGINT NOT NULL,
    NOT CLUSTER PRIMARY KEY("ROLE_ID", "MENU_ID")) STORAGE(ON "MAIN", CLUSTERBTR) ;
COMMENT ON TABLE "ANALYSIS_PLATFORM"."SYS_ROLE_MENU" IS '角色和菜单关联表';
COMMENT ON COLUMN "ANALYSIS_PLATFORM"."SYS_ROLE_MENU"."ROLE_ID" IS '角色ID';
COMMENT ON COLUMN "ANALYSIS_PLATFORM"."SYS_ROLE_MENU"."MENU_ID" IS '菜单ID';

INSERT INTO "ANALYSIS_PLATFORM"."SYS_ROLE_MENU"("ROLE_ID","MENU_ID")
VALUES(2,1);
INSERT INTO "ANALYSIS_PLATFORM"."SYS_ROLE_MENU"("ROLE_ID","MENU_ID")
VALUES(2,2);
INSERT INTO "ANALYSIS_PLATFORM"."SYS_ROLE_MENU"("ROLE_ID","MENU_ID")
VALUES(2,3);
INSERT INTO "ANALYSIS_PLATFORM"."SYS_ROLE_MENU"("ROLE_ID","MENU_ID")
VALUES(2,4);
INSERT INTO "ANALYSIS_PLATFORM"."SYS_ROLE_MENU"("ROLE_ID","MENU_ID")
VALUES(2,100);
INSERT INTO "ANALYSIS_PLATFORM"."SYS_ROLE_MENU"("ROLE_ID","MENU_ID")
VALUES(2,101);
INSERT INTO "ANALYSIS_PLATFORM"."SYS_ROLE_MENU"("ROLE_ID","MENU_ID")
VALUES(2,102);
INSERT INTO "ANALYSIS_PLATFORM"."SYS_ROLE_MENU"("ROLE_ID","MENU_ID")
VALUES(2,103);
INSERT INTO "ANALYSIS_PLATFORM"."SYS_ROLE_MENU"("ROLE_ID","MENU_ID")
VALUES(2,104);
INSERT INTO "ANALYSIS_PLATFORM"."SYS_ROLE_MENU"("ROLE_ID","MENU_ID")
VALUES(2,105);
INSERT INTO "ANALYSIS_PLATFORM"."SYS_ROLE_MENU"("ROLE_ID","MENU_ID")
VALUES(2,106);
INSERT INTO "ANALYSIS_PLATFORM"."SYS_ROLE_MENU"("ROLE_ID","MENU_ID")
VALUES(2,107);
INSERT INTO "ANALYSIS_PLATFORM"."SYS_ROLE_MENU"("ROLE_ID","MENU_ID")
VALUES(2,108);
INSERT INTO "ANALYSIS_PLATFORM"."SYS_ROLE_MENU"("ROLE_ID","MENU_ID")
VALUES(2,109);
INSERT INTO "ANALYSIS_PLATFORM"."SYS_ROLE_MENU"("ROLE_ID","MENU_ID")
VALUES(2,110);
INSERT INTO "ANALYSIS_PLATFORM"."SYS_ROLE_MENU"("ROLE_ID","MENU_ID")
VALUES(2,111);
INSERT INTO "ANALYSIS_PLATFORM"."SYS_ROLE_MENU"("ROLE_ID","MENU_ID")
VALUES(2,112);
INSERT INTO "ANALYSIS_PLATFORM"."SYS_ROLE_MENU"("ROLE_ID","MENU_ID")
VALUES(2,113);
INSERT INTO "ANALYSIS_PLATFORM"."SYS_ROLE_MENU"("ROLE_ID","MENU_ID")
VALUES(2,114);
INSERT INTO "ANALYSIS_PLATFORM"."SYS_ROLE_MENU"("ROLE_ID","MENU_ID")
VALUES(2,115);
INSERT INTO "ANALYSIS_PLATFORM"."SYS_ROLE_MENU"("ROLE_ID","MENU_ID")
VALUES(2,116);
INSERT INTO "ANALYSIS_PLATFORM"."SYS_ROLE_MENU"("ROLE_ID","MENU_ID")
VALUES(2,117);
INSERT INTO "ANALYSIS_PLATFORM"."SYS_ROLE_MENU"("ROLE_ID","MENU_ID")
VALUES(2,500);
INSERT INTO "ANALYSIS_PLATFORM"."SYS_ROLE_MENU"("ROLE_ID","MENU_ID")
VALUES(2,501);
INSERT INTO "ANALYSIS_PLATFORM"."SYS_ROLE_MENU"("ROLE_ID","MENU_ID")
VALUES(2,1000);
INSERT INTO "ANALYSIS_PLATFORM"."SYS_ROLE_MENU"("ROLE_ID","MENU_ID")
VALUES(2,1001);
INSERT INTO "ANALYSIS_PLATFORM"."SYS_ROLE_MENU"("ROLE_ID","MENU_ID")
VALUES(2,1002);
INSERT INTO "ANALYSIS_PLATFORM"."SYS_ROLE_MENU"("ROLE_ID","MENU_ID")
VALUES(2,1003);
INSERT INTO "ANALYSIS_PLATFORM"."SYS_ROLE_MENU"("ROLE_ID","MENU_ID")
VALUES(2,1004);
INSERT INTO "ANALYSIS_PLATFORM"."SYS_ROLE_MENU"("ROLE_ID","MENU_ID")
VALUES(2,1005);
INSERT INTO "ANALYSIS_PLATFORM"."SYS_ROLE_MENU"("ROLE_ID","MENU_ID")
VALUES(2,1006);
INSERT INTO "ANALYSIS_PLATFORM"."SYS_ROLE_MENU"("ROLE_ID","MENU_ID")
VALUES(2,1007);
INSERT INTO "ANALYSIS_PLATFORM"."SYS_ROLE_MENU"("ROLE_ID","MENU_ID")
VALUES(2,1008);
INSERT INTO "ANALYSIS_PLATFORM"."SYS_ROLE_MENU"("ROLE_ID","MENU_ID")
VALUES(2,1009);
INSERT INTO "ANALYSIS_PLATFORM"."SYS_ROLE_MENU"("ROLE_ID","MENU_ID")
VALUES(2,1010);
INSERT INTO "ANALYSIS_PLATFORM"."SYS_ROLE_MENU"("ROLE_ID","MENU_ID")
VALUES(2,1011);
INSERT INTO "ANALYSIS_PLATFORM"."SYS_ROLE_MENU"("ROLE_ID","MENU_ID")
VALUES(2,1012);
INSERT INTO "ANALYSIS_PLATFORM"."SYS_ROLE_MENU"("ROLE_ID","MENU_ID")
VALUES(2,1013);
INSERT INTO "ANALYSIS_PLATFORM"."SYS_ROLE_MENU"("ROLE_ID","MENU_ID")
VALUES(2,1014);
INSERT INTO "ANALYSIS_PLATFORM"."SYS_ROLE_MENU"("ROLE_ID","MENU_ID")
VALUES(2,1015);
INSERT INTO "ANALYSIS_PLATFORM"."SYS_ROLE_MENU"("ROLE_ID","MENU_ID")
VALUES(2,1016);
INSERT INTO "ANALYSIS_PLATFORM"."SYS_ROLE_MENU"("ROLE_ID","MENU_ID")
VALUES(2,1017);
INSERT INTO "ANALYSIS_PLATFORM"."SYS_ROLE_MENU"("ROLE_ID","MENU_ID")
VALUES(2,1018);
INSERT INTO "ANALYSIS_PLATFORM"."SYS_ROLE_MENU"("ROLE_ID","MENU_ID")
VALUES(2,1019);
INSERT INTO "ANALYSIS_PLATFORM"."SYS_ROLE_MENU"("ROLE_ID","MENU_ID")
VALUES(2,1020);
INSERT INTO "ANALYSIS_PLATFORM"."SYS_ROLE_MENU"("ROLE_ID","MENU_ID")
VALUES(2,1021);
INSERT INTO "ANALYSIS_PLATFORM"."SYS_ROLE_MENU"("ROLE_ID","MENU_ID")
VALUES(2,1022);
INSERT INTO "ANALYSIS_PLATFORM"."SYS_ROLE_MENU"("ROLE_ID","MENU_ID")
VALUES(2,1023);
INSERT INTO "ANALYSIS_PLATFORM"."SYS_ROLE_MENU"("ROLE_ID","MENU_ID")
VALUES(2,1024);
INSERT INTO "ANALYSIS_PLATFORM"."SYS_ROLE_MENU"("ROLE_ID","MENU_ID")
VALUES(2,1025);
INSERT INTO "ANALYSIS_PLATFORM"."SYS_ROLE_MENU"("ROLE_ID","MENU_ID")
VALUES(2,1026);
INSERT INTO "ANALYSIS_PLATFORM"."SYS_ROLE_MENU"("ROLE_ID","MENU_ID")
VALUES(2,1027);
INSERT INTO "ANALYSIS_PLATFORM"."SYS_ROLE_MENU"("ROLE_ID","MENU_ID")
VALUES(2,1028);
INSERT INTO "ANALYSIS_PLATFORM"."SYS_ROLE_MENU"("ROLE_ID","MENU_ID")
VALUES(2,1029);
INSERT INTO "ANALYSIS_PLATFORM"."SYS_ROLE_MENU"("ROLE_ID","MENU_ID")
VALUES(2,1030);
INSERT INTO "ANALYSIS_PLATFORM"."SYS_ROLE_MENU"("ROLE_ID","MENU_ID")
VALUES(2,1031);
INSERT INTO "ANALYSIS_PLATFORM"."SYS_ROLE_MENU"("ROLE_ID","MENU_ID")
VALUES(2,1032);
INSERT INTO "ANALYSIS_PLATFORM"."SYS_ROLE_MENU"("ROLE_ID","MENU_ID")
VALUES(2,1033);
INSERT INTO "ANALYSIS_PLATFORM"."SYS_ROLE_MENU"("ROLE_ID","MENU_ID")
VALUES(2,1034);
INSERT INTO "ANALYSIS_PLATFORM"."SYS_ROLE_MENU"("ROLE_ID","MENU_ID")
VALUES(2,1035);
INSERT INTO "ANALYSIS_PLATFORM"."SYS_ROLE_MENU"("ROLE_ID","MENU_ID")
VALUES(2,1036);
INSERT INTO "ANALYSIS_PLATFORM"."SYS_ROLE_MENU"("ROLE_ID","MENU_ID")
VALUES(2,1037);
INSERT INTO "ANALYSIS_PLATFORM"."SYS_ROLE_MENU"("ROLE_ID","MENU_ID")
VALUES(2,1038);
INSERT INTO "ANALYSIS_PLATFORM"."SYS_ROLE_MENU"("ROLE_ID","MENU_ID")
VALUES(2,1039);
INSERT INTO "ANALYSIS_PLATFORM"."SYS_ROLE_MENU"("ROLE_ID","MENU_ID")
VALUES(2,1040);
INSERT INTO "ANALYSIS_PLATFORM"."SYS_ROLE_MENU"("ROLE_ID","MENU_ID")
VALUES(2,1041);
INSERT INTO "ANALYSIS_PLATFORM"."SYS_ROLE_MENU"("ROLE_ID","MENU_ID")
VALUES(2,1042);
INSERT INTO "ANALYSIS_PLATFORM"."SYS_ROLE_MENU"("ROLE_ID","MENU_ID")
VALUES(2,1043);
INSERT INTO "ANALYSIS_PLATFORM"."SYS_ROLE_MENU"("ROLE_ID","MENU_ID")
VALUES(2,1044);
INSERT INTO "ANALYSIS_PLATFORM"."SYS_ROLE_MENU"("ROLE_ID","MENU_ID")
VALUES(2,1045);
INSERT INTO "ANALYSIS_PLATFORM"."SYS_ROLE_MENU"("ROLE_ID","MENU_ID")
VALUES(2,1046);
INSERT INTO "ANALYSIS_PLATFORM"."SYS_ROLE_MENU"("ROLE_ID","MENU_ID")
VALUES(2,1047);
INSERT INTO "ANALYSIS_PLATFORM"."SYS_ROLE_MENU"("ROLE_ID","MENU_ID")
VALUES(2,1048);
INSERT INTO "ANALYSIS_PLATFORM"."SYS_ROLE_MENU"("ROLE_ID","MENU_ID")
VALUES(2,1049);
INSERT INTO "ANALYSIS_PLATFORM"."SYS_ROLE_MENU"("ROLE_ID","MENU_ID")
VALUES(2,1050);
INSERT INTO "ANALYSIS_PLATFORM"."SYS_ROLE_MENU"("ROLE_ID","MENU_ID")
VALUES(2,1051);
INSERT INTO "ANALYSIS_PLATFORM"."SYS_ROLE_MENU"("ROLE_ID","MENU_ID")
VALUES(2,1052);
INSERT INTO "ANALYSIS_PLATFORM"."SYS_ROLE_MENU"("ROLE_ID","MENU_ID")
VALUES(2,1053);
INSERT INTO "ANALYSIS_PLATFORM"."SYS_ROLE_MENU"("ROLE_ID","MENU_ID")
VALUES(2,1054);
INSERT INTO "ANALYSIS_PLATFORM"."SYS_ROLE_MENU"("ROLE_ID","MENU_ID")
VALUES(2,1055);
INSERT INTO "ANALYSIS_PLATFORM"."SYS_ROLE_MENU"("ROLE_ID","MENU_ID")
VALUES(2,1056);
INSERT INTO "ANALYSIS_PLATFORM"."SYS_ROLE_MENU"("ROLE_ID","MENU_ID")
VALUES(2,1057);
INSERT INTO "ANALYSIS_PLATFORM"."SYS_ROLE_MENU"("ROLE_ID","MENU_ID")
VALUES(2,1058);
INSERT INTO "ANALYSIS_PLATFORM"."SYS_ROLE_MENU"("ROLE_ID","MENU_ID")
VALUES(2,1059);
INSERT INTO "ANALYSIS_PLATFORM"."SYS_ROLE_MENU"("ROLE_ID","MENU_ID")
VALUES(2,1060);


-- ----------------------------
-- 21、角色信息表
-- ----------------------------
CREATE TABLE "ANALYSIS_PLATFORM"."SYS_ROLE"
(
    "ROLE_ID" BIGINT IDENTITY(1, 1) NOT NULL,
    "ROLE_NAME" VARCHAR(30) NOT NULL,
    "ROLE_KEY" VARCHAR(100) NOT NULL,
    "ROLE_SORT" INT NOT NULL,
    "DATA_SCOPE" CHAR(1) DEFAULT '1',
    "MENU_CHECK_STRICTLY" TINYINT DEFAULT 1,
    "DEPT_CHECK_STRICTLY" TINYINT DEFAULT 1,
    "STATUS" CHAR(1) NOT NULL,
    "DEL_FLAG" CHAR(1) DEFAULT '0',
    "CREATE_BY" VARCHAR(64) DEFAULT '',
    "CREATE_TIME" TIMESTAMP(0),
    "UPDATE_BY" VARCHAR(64) DEFAULT '',
    "UPDATE_TIME" TIMESTAMP(0),
    "REMARK" VARCHAR(500),
    NOT CLUSTER PRIMARY KEY("ROLE_ID")) STORAGE(ON "MAIN", CLUSTERBTR) ;
COMMENT ON TABLE "ANALYSIS_PLATFORM"."SYS_ROLE" IS '角色信息表';
COMMENT ON COLUMN "ANALYSIS_PLATFORM"."SYS_ROLE"."ROLE_ID" IS '角色ID';
COMMENT ON COLUMN "ANALYSIS_PLATFORM"."SYS_ROLE"."ROLE_NAME" IS '角色名称';
COMMENT ON COLUMN "ANALYSIS_PLATFORM"."SYS_ROLE"."ROLE_KEY" IS '角色权限字符串';
COMMENT ON COLUMN "ANALYSIS_PLATFORM"."SYS_ROLE"."ROLE_SORT" IS '显示顺序';
COMMENT ON COLUMN "ANALYSIS_PLATFORM"."SYS_ROLE"."DATA_SCOPE" IS '数据范围（1：全部数据权限 2：自定数据权限 3：本部门数据权限 4：本部门及以下数据权限）';
COMMENT ON COLUMN "ANALYSIS_PLATFORM"."SYS_ROLE"."MENU_CHECK_STRICTLY" IS '菜单树选择项是否关联显示';
COMMENT ON COLUMN "ANALYSIS_PLATFORM"."SYS_ROLE"."DEPT_CHECK_STRICTLY" IS '部门树选择项是否关联显示';
COMMENT ON COLUMN "ANALYSIS_PLATFORM"."SYS_ROLE"."STATUS" IS '角色状态（0正常 1停用）';
COMMENT ON COLUMN "ANALYSIS_PLATFORM"."SYS_ROLE"."DEL_FLAG" IS '删除标志（0代表存在 2代表删除）';
COMMENT ON COLUMN "ANALYSIS_PLATFORM"."SYS_ROLE"."CREATE_BY" IS '创建者';
COMMENT ON COLUMN "ANALYSIS_PLATFORM"."SYS_ROLE"."CREATE_TIME" IS '创建时间';
COMMENT ON COLUMN "ANALYSIS_PLATFORM"."SYS_ROLE"."UPDATE_BY" IS '更新者';
COMMENT ON COLUMN "ANALYSIS_PLATFORM"."SYS_ROLE"."UPDATE_TIME" IS '更新时间';
COMMENT ON COLUMN "ANALYSIS_PLATFORM"."SYS_ROLE"."REMARK" IS '备注';
SET IDENTITY_INSERT "ANALYSIS_PLATFORM"."SYS_ROLE" ON;
INSERT INTO "ANALYSIS_PLATFORM"."SYS_ROLE"("ROLE_ID","ROLE_NAME","ROLE_KEY","ROLE_SORT","DATA_SCOPE","MENU_CHECK_STRICTLY","DEPT_CHECK_STRICTLY","STATUS","DEL_FLAG","CREATE_BY","CREATE_TIME","UPDATE_BY","UPDATE_TIME","REMARK")
VALUES(1,'超级管理员','admin',1,'1','1','1','0','0','admin','2025-02-10 10:58:06','',null,'超级管理员');
INSERT INTO "ANALYSIS_PLATFORM"."SYS_ROLE"("ROLE_ID","ROLE_NAME","ROLE_KEY","ROLE_SORT","DATA_SCOPE","MENU_CHECK_STRICTLY","DEPT_CHECK_STRICTLY","STATUS","DEL_FLAG","CREATE_BY","CREATE_TIME","UPDATE_BY","UPDATE_TIME","REMARK")
VALUES(2,'普通角色','common',2,'2','1','1','0','0','admin','2025-02-10 10:58:06','',null,'普通角色');
SET IDENTITY_INSERT "ANALYSIS_PLATFORM"."SYS_ROLE" OFF;


-- ----------------------------
-- 22、代码生成业务表字段
-- ----------------------------
CREATE TABLE "ANALYSIS_PLATFORM"."SYS_SUBSCRIBE"
(
    "ID" BIGINT IDENTITY(8, 1) NOT NULL,
    "SUBSCRIBE_ID" VARCHAR(200) NOT NULL,
    "NAME" VARCHAR(200) NOT NULL,
    "TYPE" VARCHAR(50) NOT NULL,
    "MODE" VARCHAR(20) NOT NULL,
    "ENDPOINT" VARCHAR(2000),
    "STATUS" VARCHAR(20) DEFAULT 'ACTIVE',
    "SOURCE" VARCHAR(200) NOT NULL,
    "CREATE_TIME" TIMESTAMP(6) DEFAULT CURRENT_TIMESTAMP,
    "UPDATE_TIME" TIMESTAMP(6) DEFAULT CURRENT_TIMESTAMP,
    NOT CLUSTER PRIMARY KEY("ID")) STORAGE(ON "MAIN", CLUSTERBTR) ;
SET IDENTITY_INSERT "ANALYSIS_PLATFORM"."SYS_SUBSCRIBE" ON;
INSERT INTO "ANALYSIS_PLATFORM"."SYS_SUBSCRIBE"("ID","SUBSCRIBE_ID","NAME","TYPE","MODE","ENDPOINT","STATUS","SOURCE","CREATE_TIME","UPDATE_TIME")
VALUES(8,'91','鱼嘴测距','tagScanUwbBeacon','HTTP',null,'ACTIVE','ZQ','2025-09-12 17:10:51.960000','2025-09-12 17:10:51.094000');
SET IDENTITY_INSERT "ANALYSIS_PLATFORM"."SYS_SUBSCRIBE" OFF;


-- ----------------------------
-- 23、用户与岗位关联表
-- ----------------------------
CREATE TABLE "ANALYSIS_PLATFORM"."SYS_USER_POST"
(
    "USER_ID" BIGINT NOT NULL,
    "POST_ID" BIGINT NOT NULL,
    NOT CLUSTER PRIMARY KEY("USER_ID", "POST_ID")) STORAGE(ON "MAIN", CLUSTERBTR) ;
COMMENT ON TABLE "ANALYSIS_PLATFORM"."SYS_USER_POST" IS '用户与岗位关联表';
COMMENT ON COLUMN "ANALYSIS_PLATFORM"."SYS_USER_POST"."USER_ID" IS '用户ID';
COMMENT ON COLUMN "ANALYSIS_PLATFORM"."SYS_USER_POST"."POST_ID" IS '岗位ID';

INSERT INTO "ANALYSIS_PLATFORM"."SYS_USER_POST"("USER_ID","POST_ID")
VALUES(1,1);
INSERT INTO "ANALYSIS_PLATFORM"."SYS_USER_POST"("USER_ID","POST_ID")
VALUES(2,2);



-- ----------------------------
-- 24、用户和角色关联表
-- ----------------------------
CREATE TABLE "ANALYSIS_PLATFORM"."SYS_USER_ROLE"
(
    "USER_ID" BIGINT NOT NULL,
    "ROLE_ID" BIGINT NOT NULL,
    NOT CLUSTER PRIMARY KEY("USER_ID", "ROLE_ID")) STORAGE(ON "MAIN", CLUSTERBTR) ;
COMMENT ON TABLE "ANALYSIS_PLATFORM"."SYS_USER_ROLE" IS '用户和角色关联表';
COMMENT ON COLUMN "ANALYSIS_PLATFORM"."SYS_USER_ROLE"."USER_ID" IS '用户ID';
COMMENT ON COLUMN "ANALYSIS_PLATFORM"."SYS_USER_ROLE"."ROLE_ID" IS '角色ID';

INSERT INTO "ANALYSIS_PLATFORM"."SYS_USER_ROLE"("USER_ID","ROLE_ID")
VALUES(1,1);
INSERT INTO "ANALYSIS_PLATFORM"."SYS_USER_ROLE"("USER_ID","ROLE_ID")
VALUES(2,2);



-- ----------------------------
-- 25、用户信息表
-- ----------------------------
CREATE TABLE "ANALYSIS_PLATFORM"."SYS_USER"
(
    "USER_ID" BIGINT IDENTITY(1, 1) NOT NULL,
    "DEPT_ID" BIGINT,
    "USER_NAME" VARCHAR(30) NOT NULL,
    "NICK_NAME" VARCHAR(30) NOT NULL,
    "USER_TYPE" VARCHAR(2) DEFAULT '00',
    "EMAIL" VARCHAR(50) DEFAULT '',
    "PHONENUMBER" VARCHAR(11) DEFAULT '',
    "SEX" CHAR(1) DEFAULT '0',
    "AVATAR" VARCHAR(100) DEFAULT '',
    "PASSWORD" VARCHAR(100) DEFAULT '',
    "STATUS" CHAR(1) DEFAULT '0',
    "DEL_FLAG" CHAR(1) DEFAULT '0',
    "LOGIN_IP" VARCHAR(128) DEFAULT '',
    "LOGIN_DATE" TIMESTAMP(0),
    "PWD_UPDATE_DATE" TIMESTAMP(0),
    "CREATE_BY" VARCHAR(64) DEFAULT '',
    "CREATE_TIME" TIMESTAMP(0),
    "UPDATE_BY" VARCHAR(64) DEFAULT '',
    "UPDATE_TIME" TIMESTAMP(0),
    "REMARK" VARCHAR(500),
    NOT CLUSTER PRIMARY KEY("USER_ID")) STORAGE(ON "MAIN", CLUSTERBTR) ;
COMMENT ON TABLE "ANALYSIS_PLATFORM"."SYS_USER" IS '用户信息表';
COMMENT ON COLUMN "ANALYSIS_PLATFORM"."SYS_USER"."USER_ID" IS '用户ID';
COMMENT ON COLUMN "ANALYSIS_PLATFORM"."SYS_USER"."DEPT_ID" IS '部门ID';
COMMENT ON COLUMN "ANALYSIS_PLATFORM"."SYS_USER"."USER_NAME" IS '用户账号';
COMMENT ON COLUMN "ANALYSIS_PLATFORM"."SYS_USER"."NICK_NAME" IS '用户昵称';
COMMENT ON COLUMN "ANALYSIS_PLATFORM"."SYS_USER"."USER_TYPE" IS '用户类型（00系统用户）';
COMMENT ON COLUMN "ANALYSIS_PLATFORM"."SYS_USER"."EMAIL" IS '用户邮箱';
COMMENT ON COLUMN "ANALYSIS_PLATFORM"."SYS_USER"."PHONENUMBER" IS '手机号码';
COMMENT ON COLUMN "ANALYSIS_PLATFORM"."SYS_USER"."SEX" IS '用户性别（0男 1女 2未知）';
COMMENT ON COLUMN "ANALYSIS_PLATFORM"."SYS_USER"."AVATAR" IS '头像地址';
COMMENT ON COLUMN "ANALYSIS_PLATFORM"."SYS_USER"."PASSWORD" IS '密码';
COMMENT ON COLUMN "ANALYSIS_PLATFORM"."SYS_USER"."STATUS" IS '帐号状态（0正常 1停用）';
COMMENT ON COLUMN "ANALYSIS_PLATFORM"."SYS_USER"."DEL_FLAG" IS '删除标志（0代表存在 2代表删除）';
COMMENT ON COLUMN "ANALYSIS_PLATFORM"."SYS_USER"."LOGIN_IP" IS '最后登录IP';
COMMENT ON COLUMN "ANALYSIS_PLATFORM"."SYS_USER"."LOGIN_DATE" IS '最后登录时间';
COMMENT ON COLUMN "ANALYSIS_PLATFORM"."SYS_USER"."PWD_UPDATE_DATE" IS '密码最后更新时间';
COMMENT ON COLUMN "ANALYSIS_PLATFORM"."SYS_USER"."CREATE_BY" IS '创建者';
COMMENT ON COLUMN "ANALYSIS_PLATFORM"."SYS_USER"."CREATE_TIME" IS '创建时间';
COMMENT ON COLUMN "ANALYSIS_PLATFORM"."SYS_USER"."UPDATE_BY" IS '更新者';
COMMENT ON COLUMN "ANALYSIS_PLATFORM"."SYS_USER"."UPDATE_TIME" IS '更新时间';
COMMENT ON COLUMN "ANALYSIS_PLATFORM"."SYS_USER"."REMARK" IS '备注';

SET IDENTITY_INSERT "ANALYSIS_PLATFORM"."SYS_USER" ON;
INSERT INTO "ANALYSIS_PLATFORM"."SYS_USER"("USER_ID","DEPT_ID","USER_NAME","NICK_NAME","USER_TYPE","EMAIL","PHONENUMBER","SEX","AVATAR","PASSWORD","STATUS","DEL_FLAG","LOGIN_IP","LOGIN_DATE","PWD_UPDATE_DATE","CREATE_BY","CREATE_TIME","UPDATE_BY","UPDATE_TIME","REMARK")
VALUES(1,103,'admin','超级管理员','00','ry@163.com','15888888888','1','','$2a$10$39/.p72sRTfjq0RNOEAIIuYD9HW8nMqyRTamxj3.5bNXOXW6iBY1y','0','0','127.0.0.1','2026-02-06 11:08:55','2025-12-11 18:05:04','admin','2025-09-17 13:27:04','','2026-02-06 11:08:57','管理员');
INSERT INTO "ANALYSIS_PLATFORM"."SYS_USER"("USER_ID","DEPT_ID","USER_NAME","NICK_NAME","USER_TYPE","EMAIL","PHONENUMBER","SEX","AVATAR","PASSWORD","STATUS","DEL_FLAG","LOGIN_IP","LOGIN_DATE","PWD_UPDATE_DATE","CREATE_BY","CREATE_TIME","UPDATE_BY","UPDATE_TIME","REMARK")
VALUES(2,105,'ry','若依','00','ry@qq.com','15666666666','1','','$2a$10$7JB720yubVSZvUI0rEqK/.VqGOZTH.ulu33dHOiBE8ByOhJIrdAu2','0','0','127.0.0.1','2025-09-17 13:27:05','2025-09-17 13:27:05','admin','2025-09-17 13:27:05','',null,'测试员');
SET IDENTITY_INSERT "ANALYSIS_PLATFORM"."SYS_USER" OFF;


-- ----------------------------
-- 26、信标信息表
-- ----------------------------
CREATE TABLE "ANALYSIS_PLATFORM"."TAK_BEACON_INFO"
(
    "ID" BIGINT IDENTITY(33, 1) NOT NULL,
    "NAME" VARCHAR(200) NOT NULL,
    "TYPE" VARCHAR(50) NOT NULL,
    "AREA" VARCHAR(50) NOT NULL,
    "BUILD_NAME" VARCHAR(200) NOT NULL,
    "BUILD_ID" VARCHAR(200) NOT NULL,
    "BEACON_ID" VARCHAR(200),
    "LOCATION" VARCHAR(200),
    "STATUS" INT DEFAULT 0,
    "CREATE_TIME" TIMESTAMP(6) DEFAULT CURRENT_TIMESTAMP,
    "UPDATE_TIME" TIMESTAMP(6) DEFAULT CURRENT_TIMESTAMP,
    "RFID_NAME" VARCHAR(100),
    "DISTANCE" DECIMAL(10,2),
    "FLOOR" INT,
    "LONGITUDE" NUMBER(9,6),
    "LATITUDE" NUMBER(9,6),
    NOT CLUSTER PRIMARY KEY("ID")) STORAGE(ON "MAIN", CLUSTERBTR) ;
COMMENT ON TABLE "ANALYSIS_PLATFORM"."TAK_BEACON_INFO" IS '信标信息表';
COMMENT ON COLUMN "ANALYSIS_PLATFORM"."TAK_BEACON_INFO"."ID" IS 'ID';
COMMENT ON COLUMN "ANALYSIS_PLATFORM"."TAK_BEACON_INFO"."NAME" IS '名称';
COMMENT ON COLUMN "ANALYSIS_PLATFORM"."TAK_BEACON_INFO"."TYPE" IS '类型';
COMMENT ON COLUMN "ANALYSIS_PLATFORM"."TAK_BEACON_INFO"."AREA" IS '区域 A,B,C';
COMMENT ON COLUMN "ANALYSIS_PLATFORM"."TAK_BEACON_INFO"."BUILD_NAME" IS '建筑名称';
COMMENT ON COLUMN "ANALYSIS_PLATFORM"."TAK_BEACON_INFO"."BUILD_ID" IS '建筑ID';
COMMENT ON COLUMN "ANALYSIS_PLATFORM"."TAK_BEACON_INFO"."BEACON_ID" IS '信标ID';
COMMENT ON COLUMN "ANALYSIS_PLATFORM"."TAK_BEACON_INFO"."LOCATION" IS '位置';
COMMENT ON COLUMN "ANALYSIS_PLATFORM"."TAK_BEACON_INFO"."STATUS" IS '状态，0-正常，1-异常';
COMMENT ON COLUMN "ANALYSIS_PLATFORM"."TAK_BEACON_INFO"."CREATE_TIME" IS '创建时间';
COMMENT ON COLUMN "ANALYSIS_PLATFORM"."TAK_BEACON_INFO"."UPDATE_TIME" IS '更新时间';
COMMENT ON COLUMN "ANALYSIS_PLATFORM"."TAK_BEACON_INFO"."RFID_NAME" IS 'RFID名称';
COMMENT ON COLUMN "ANALYSIS_PLATFORM"."TAK_BEACON_INFO"."DISTANCE" IS '感应距离 m';
COMMENT ON COLUMN "ANALYSIS_PLATFORM"."TAK_BEACON_INFO"."FLOOR" IS '楼层数 默认（不区分层数） 0 一层 1 二层 2';
COMMENT ON COLUMN "ANALYSIS_PLATFORM"."TAK_BEACON_INFO"."LONGITUDE" IS '经度';
COMMENT ON COLUMN "ANALYSIS_PLATFORM"."TAK_BEACON_INFO"."LATITUDE" IS '纬度';

SET IDENTITY_INSERT "ANALYSIS_PLATFORM"."TAK_BEACON_INFO" ON;
INSERT INTO "ANALYSIS_PLATFORM"."TAK_BEACON_INFO"("ID","NAME","TYPE","AREA","BUILD_NAME","BUILD_ID","BEACON_ID","LOCATION","STATUS","CREATE_TIME","UPDATE_TIME","RFID_NAME","DISTANCE","FLOOR","LONGITUDE","LATITUDE")
VALUES(80,'董家镇作业台2号线内上','货运线作业台','A','董家镇','209983','1918FD013C24','2号线',0,'2025-10-15 15:22:03.660000','2025-10-15 15:22:03.664839',null,1.00,1,null,null);
INSERT INTO "ANALYSIS_PLATFORM"."TAK_BEACON_INFO"("ID","NAME","TYPE","AREA","BUILD_NAME","BUILD_ID","BEACON_ID","LOCATION","STATUS","CREATE_TIME","UPDATE_TIME","RFID_NAME","DISTANCE","FLOOR","LONGITUDE","LATITUDE")
VALUES(81,'董家镇作业台2号线内下','货运线作业台','A','董家镇','209983','1918FD0119B6','2号线',0,'2025-10-15 15:22:03.670000','2025-10-15 15:22:03.672256',null,1.00,1,null,null);
INSERT INTO "ANALYSIS_PLATFORM"."TAK_BEACON_INFO"("ID","NAME","TYPE","AREA","BUILD_NAME","BUILD_ID","BEACON_ID","LOCATION","STATUS","CREATE_TIME","UPDATE_TIME","RFID_NAME","DISTANCE","FLOOR","LONGITUDE","LATITUDE")
VALUES(82,'董家镇作业台2号线外','货运线作业台','B','董家镇','209983','1918FD011B0D','2号线',0,'2025-10-15 15:22:03.000000','2025-10-31 21:09:22.685000','董家镇-货2-装卸平台',1.00,1,null,null);
INSERT INTO "ANALYSIS_PLATFORM"."TAK_BEACON_INFO"("ID","NAME","TYPE","AREA","BUILD_NAME","BUILD_ID","BEACON_ID","LOCATION","STATUS","CREATE_TIME","UPDATE_TIME","RFID_NAME","DISTANCE","FLOOR","LONGITUDE","LATITUDE")
VALUES(83,'董家镇B库西','板车作业区','B','董家镇','209983','1918FD013937','B库',0,'2025-10-15 15:22:03.000000','2025-10-30 19:04:03.220000','董家镇B库西',1.00,1,null,null);
INSERT INTO "ANALYSIS_PLATFORM"."TAK_BEACON_INFO"("ID","NAME","TYPE","AREA","BUILD_NAME","BUILD_ID","BEACON_ID","LOCATION","STATUS","CREATE_TIME","UPDATE_TIME","RFID_NAME","DISTANCE","FLOOR","LONGITUDE","LATITUDE")
VALUES(84,'董家镇B库东','板车作业区','B','董家镇','209983','1918FD0137D2','B库',0,'2025-10-15 15:22:03.000000','2025-10-30 19:04:07.979000','董家镇B库东',1.00,1,null,null);
INSERT INTO "ANALYSIS_PLATFORM"."TAK_BEACON_INFO"("ID","NAME","TYPE","AREA","BUILD_NAME","BUILD_ID","BEACON_ID","LOCATION","STATUS","CREATE_TIME","UPDATE_TIME","RFID_NAME","DISTANCE","FLOOR","LONGITUDE","LATITUDE")
VALUES(85,'董家镇A库东','板车作业区','A','董家镇','209983','1918FD0119BA','A库',0,'2025-10-15 15:22:03.000000','2025-10-30 19:04:16.935000','董家镇A库',1.00,1,null,null);
INSERT INTO "ANALYSIS_PLATFORM"."TAK_BEACON_INFO"("ID","NAME","TYPE","AREA","BUILD_NAME","BUILD_ID","BEACON_ID","LOCATION","STATUS","CREATE_TIME","UPDATE_TIME","RFID_NAME","DISTANCE","FLOOR","LONGITUDE","LATITUDE")
VALUES(86,'董家镇作业台1号线内上','货运线作业台','A','董家镇','209983','1918FD01397E','1号线',0,'2025-10-15 15:22:03.691000','2025-10-15 15:22:03.692444',null,1.00,1,null,null);
INSERT INTO "ANALYSIS_PLATFORM"."TAK_BEACON_INFO"("ID","NAME","TYPE","AREA","BUILD_NAME","BUILD_ID","BEACON_ID","LOCATION","STATUS","CREATE_TIME","UPDATE_TIME","RFID_NAME","DISTANCE","FLOOR","LONGITUDE","LATITUDE")
VALUES(87,'董家镇作业台1号线内下','货运线作业台','A','董家镇','209983','1918FD01397D','1号线',0,'2025-10-15 15:22:03.695000','2025-10-15 15:22:03.696449',null,1.00,1,null,null);
INSERT INTO "ANALYSIS_PLATFORM"."TAK_BEACON_INFO"("ID","NAME","TYPE","AREA","BUILD_NAME","BUILD_ID","BEACON_ID","LOCATION","STATUS","CREATE_TIME","UPDATE_TIME","RFID_NAME","DISTANCE","FLOOR","LONGITUDE","LATITUDE")
VALUES(88,'董家镇作业台1号线外','货运线作业台','B','董家镇','209983','1918FD01394A','1号线',0,'2025-10-15 15:22:03.000000','2025-10-31 21:09:34.943000','董家镇-货1-装卸平台',1.00,1,null,null);
INSERT INTO "ANALYSIS_PLATFORM"."TAK_BEACON_INFO"("ID","NAME","TYPE","AREA","BUILD_NAME","BUILD_ID","BEACON_ID","LOCATION","STATUS","CREATE_TIME","UPDATE_TIME","RFID_NAME","DISTANCE","FLOOR","LONGITUDE","LATITUDE")
VALUES(89,'董家镇交通车A','交通车','A','董家镇','209983','1918FD0117BD','交通车',1,'2025-10-15 15:22:03.703000','2025-12-17 15:53:16.911000',null,1.00,1,null,null);
INSERT INTO "ANALYSIS_PLATFORM"."TAK_BEACON_INFO"("ID","NAME","TYPE","AREA","BUILD_NAME","BUILD_ID","BEACON_ID","LOCATION","STATUS","CREATE_TIME","UPDATE_TIME","RFID_NAME","DISTANCE","FLOOR","LONGITUDE","LATITUDE")
VALUES(90,'董家镇B库西','板车作业区','B','董家镇','209983','1918FD0119B6','B库西',0,'2025-11-07 11:14:28.509000','2025-11-07 11:14:28.515518','董家镇B库西',1.00,1,null,null);
INSERT INTO "ANALYSIS_PLATFORM"."TAK_BEACON_INFO"("ID","NAME","TYPE","AREA","BUILD_NAME","BUILD_ID","BEACON_ID","LOCATION","STATUS","CREATE_TIME","UPDATE_TIME","RFID_NAME","DISTANCE","FLOOR","LONGITUDE","LATITUDE")
VALUES(91,'董家镇B库东','板车作业区','A','董家镇','209983','1918FD01394A','B库东',0,'2025-11-07 15:05:27.902000','2025-11-07 15:05:50.346291','董家镇B库东',1.00,1,null,null);
INSERT INTO "ANALYSIS_PLATFORM"."TAK_BEACON_INFO"("ID","NAME","TYPE","AREA","BUILD_NAME","BUILD_ID","BEACON_ID","LOCATION","STATUS","CREATE_TIME","UPDATE_TIME","RFID_NAME","DISTANCE","FLOOR","LONGITUDE","LATITUDE")
VALUES(92,'董家镇A库东','板车作业区','A','董家镇','209983','1918FD01397D','A库东',0,'2025-11-07 15:05:56.754000','2025-11-07 15:06:19.195525','董家镇A库东',1.00,1,null,null);
INSERT INTO "ANALYSIS_PLATFORM"."TAK_BEACON_INFO"("ID","NAME","TYPE","AREA","BUILD_NAME","BUILD_ID","BEACON_ID","LOCATION","STATUS","CREATE_TIME","UPDATE_TIME","RFID_NAME","DISTANCE","FLOOR","LONGITUDE","LATITUDE")
VALUES(93,'雒容五菱下穿通道门口','地跑','A','雒容','210327','1918FD013B67','出入口',1,'2025-11-14 10:40:26.000000','2025-12-13 16:34:09.324000',null,18.00,1,null,null);
INSERT INTO "ANALYSIS_PLATFORM"."TAK_BEACON_INFO"("ID","NAME","TYPE","AREA","BUILD_NAME","BUILD_ID","BEACON_ID","LOCATION","STATUS","CREATE_TIME","UPDATE_TIME","RFID_NAME","DISTANCE","FLOOR","LONGITUDE","LATITUDE")
VALUES(94,'雒容五菱下穿通道外','地跑','B','雒容','210327','1918FD013C35','出入口',1,'2025-11-14 10:41:39.000000','2025-12-13 16:46:08.277000',null,18.00,1,null,null);
INSERT INTO "ANALYSIS_PLATFORM"."TAK_BEACON_INFO"("ID","NAME","TYPE","AREA","BUILD_NAME","BUILD_ID","BEACON_ID","LOCATION","STATUS","CREATE_TIME","UPDATE_TIME","RFID_NAME","DISTANCE","FLOOR","LONGITUDE","LATITUDE")
VALUES(95,'雒容交通车','交通车','A','雒容','210327','8136','交通车',1,'2025-11-15 10:33:20.000000','2025-12-13 16:32:06.844000',null,3.00,1,null,null);
INSERT INTO "ANALYSIS_PLATFORM"."TAK_BEACON_INFO"("ID","NAME","TYPE","AREA","BUILD_NAME","BUILD_ID","BEACON_ID","LOCATION","STATUS","CREATE_TIME","UPDATE_TIME","RFID_NAME","DISTANCE","FLOOR","LONGITUDE","LATITUDE")
VALUES(96,'雒容五菱下穿通道门口','地跑','A','雒容','210327','1918FD0119B6','出入口',1,'2025-11-15 10:33:50.000000','2025-12-13 16:37:25.215000',null,18.00,1,null,null);
INSERT INTO "ANALYSIS_PLATFORM"."TAK_BEACON_INFO"("ID","NAME","TYPE","AREA","BUILD_NAME","BUILD_ID","BEACON_ID","LOCATION","STATUS","CREATE_TIME","UPDATE_TIME","RFID_NAME","DISTANCE","FLOOR","LONGITUDE","LATITUDE")
VALUES(97,'雒容五菱下穿通道rfid','地跑','A','雒容','210327','1918FD013B82','出入口',1,'2025-11-18 16:11:50.000000','2025-12-13 16:45:21.102000',null,18.00,1,null,null);
INSERT INTO "ANALYSIS_PLATFORM"."TAK_BEACON_INFO"("ID","NAME","TYPE","AREA","BUILD_NAME","BUILD_ID","BEACON_ID","LOCATION","STATUS","CREATE_TIME","UPDATE_TIME","RFID_NAME","DISTANCE","FLOOR","LONGITUDE","LATITUDE")
VALUES(98,'雏容五菱下穿通道rfid','地跑','A','雒容','210327','1918FD01385B','出入口',1,'2025-11-18 16:12:05.000000','2025-12-13 16:43:38.886000',null,18.00,1,null,null);
INSERT INTO "ANALYSIS_PLATFORM"."TAK_BEACON_INFO"("ID","NAME","TYPE","AREA","BUILD_NAME","BUILD_ID","BEACON_ID","LOCATION","STATUS","CREATE_TIME","UPDATE_TIME","RFID_NAME","DISTANCE","FLOOR","LONGITUDE","LATITUDE")
VALUES(99,'雒容五菱下穿通道外','地跑','B','雒容','210327','1918FD013C52','出入口',1,'2025-11-18 16:12:18.000000','2025-12-13 16:47:06.185000',null,18.00,1,null,null);
INSERT INTO "ANALYSIS_PLATFORM"."TAK_BEACON_INFO"("ID","NAME","TYPE","AREA","BUILD_NAME","BUILD_ID","BEACON_ID","LOCATION","STATUS","CREATE_TIME","UPDATE_TIME","RFID_NAME","DISTANCE","FLOOR","LONGITUDE","LATITUDE")
VALUES(100,'雒容五菱下穿通道内','地跑','A','雒容','210327','1918FD013C29','出入口',1,'2025-12-04 15:48:54.000000','2025-12-13 16:40:40.777000',null,18.00,1,null,null);
INSERT INTO "ANALYSIS_PLATFORM"."TAK_BEACON_INFO"("ID","NAME","TYPE","AREA","BUILD_NAME","BUILD_ID","BEACON_ID","LOCATION","STATUS","CREATE_TIME","UPDATE_TIME","RFID_NAME","DISTANCE","FLOOR","LONGITUDE","LATITUDE")
VALUES(101,'雒容五菱下穿通道内','地跑','A','雒容','210327','1918FD01379F','出入口',1,'2025-12-04 15:50:02.000000','2025-12-13 16:42:46.795000',null,18.00,1,null,null);
INSERT INTO "ANALYSIS_PLATFORM"."TAK_BEACON_INFO"("ID","NAME","TYPE","AREA","BUILD_NAME","BUILD_ID","BEACON_ID","LOCATION","STATUS","CREATE_TIME","UPDATE_TIME","RFID_NAME","DISTANCE","FLOOR","LONGITUDE","LATITUDE")
VALUES(102,'雒容作业台3号线J车下','货运线作业台','A','雒容','210327','1918FD013B67','3号线',0,'2025-12-13 16:37:06.000000','2026-01-19 15:06:41.919000',null,10.00,1,109.583164,24.405432);
INSERT INTO "ANALYSIS_PLATFORM"."TAK_BEACON_INFO"("ID","NAME","TYPE","AREA","BUILD_NAME","BUILD_ID","BEACON_ID","LOCATION","STATUS","CREATE_TIME","UPDATE_TIME","RFID_NAME","DISTANCE","FLOOR","LONGITUDE","LATITUDE")
VALUES(103,'雒容作业台4号线J车下','货运线作业台','A','雒容','210327','1918FD0119B6','4号线',0,'2025-12-13 16:37:56.000000','2026-01-19 15:06:58.343000',null,10.00,1,109.583135,24.405505);
INSERT INTO "ANALYSIS_PLATFORM"."TAK_BEACON_INFO"("ID","NAME","TYPE","AREA","BUILD_NAME","BUILD_ID","BEACON_ID","LOCATION","STATUS","CREATE_TIME","UPDATE_TIME","RFID_NAME","DISTANCE","FLOOR","LONGITUDE","LATITUDE")
VALUES(104,'雒容作业台出入口（灯杆）','货运线作业台','B','雒容','210327','1918FD013C29','出入口',0,'2025-12-13 16:42:32.000000','2026-01-19 15:05:27.165000',null,18.00,1,109.583267,24.405239);
INSERT INTO "ANALYSIS_PLATFORM"."TAK_BEACON_INFO"("ID","NAME","TYPE","AREA","BUILD_NAME","BUILD_ID","BEACON_ID","LOCATION","STATUS","CREATE_TIME","UPDATE_TIME","RFID_NAME","DISTANCE","FLOOR","LONGITUDE","LATITUDE")
VALUES(105,'雒容作业台出入口（4号线）','货运线作业台','B','雒容','210327','1918FD01379F','4号线',0,'2025-12-13 16:43:15.000000','2026-01-19 15:10:30.073000',null,18.00,0,109.582829,24.405411);
INSERT INTO "ANALYSIS_PLATFORM"."TAK_BEACON_INFO"("ID","NAME","TYPE","AREA","BUILD_NAME","BUILD_ID","BEACON_ID","LOCATION","STATUS","CREATE_TIME","UPDATE_TIME","RFID_NAME","DISTANCE","FLOOR","LONGITUDE","LATITUDE")
VALUES(106,'雒容作业台4号线外上（出口）','货运线作业台','B','雒容','210327','1918FD01385B','4号线',0,'2025-12-13 16:44:59.000000','2026-01-19 15:10:43.656000',null,18.00,2,109.582829,24.405411);
INSERT INTO "ANALYSIS_PLATFORM"."TAK_BEACON_INFO"("ID","NAME","TYPE","AREA","BUILD_NAME","BUILD_ID","BEACON_ID","LOCATION","STATUS","CREATE_TIME","UPDATE_TIME","RFID_NAME","DISTANCE","FLOOR","LONGITUDE","LATITUDE")
VALUES(107,'雒容作业台3号线外上（入口）','货运线作业台','B','雒容','210327','1918FD013B82','3号线',0,'2025-12-13 16:46:00.000000','2026-01-19 15:11:07.151000',null,18.00,2,109.582868,24.405334);
INSERT INTO "ANALYSIS_PLATFORM"."TAK_BEACON_INFO"("ID","NAME","TYPE","AREA","BUILD_NAME","BUILD_ID","BEACON_ID","LOCATION","STATUS","CREATE_TIME","UPDATE_TIME","RFID_NAME","DISTANCE","FLOOR","LONGITUDE","LATITUDE")
VALUES(108,'雒容作业台4号线J车上','货运线作业台','A','雒容','210327','1918FD013C35','4号线',0,'2025-12-13 16:46:57.000000','2026-01-19 15:08:07.059000',null,12.00,2,109.583060,24.405447);
INSERT INTO "ANALYSIS_PLATFORM"."TAK_BEACON_INFO"("ID","NAME","TYPE","AREA","BUILD_NAME","BUILD_ID","BEACON_ID","LOCATION","STATUS","CREATE_TIME","UPDATE_TIME","RFID_NAME","DISTANCE","FLOOR","LONGITUDE","LATITUDE")
VALUES(109,'雒容作业台3号线J车上','货运线作业台','A','雒容','210327','1918FD013C52','3号线',0,'2025-12-13 16:47:40.000000','2026-01-19 15:07:47.509000',null,12.00,2,109.583067,24.405432);
INSERT INTO "ANALYSIS_PLATFORM"."TAK_BEACON_INFO"("ID","NAME","TYPE","AREA","BUILD_NAME","BUILD_ID","BEACON_ID","LOCATION","STATUS","CREATE_TIME","UPDATE_TIME","RFID_NAME","DISTANCE","FLOOR","LONGITUDE","LATITUDE")
VALUES(110,'雒容作业台1号线J车上','货运线作业台','A','雒容','210327','1918FD013B17','1号线',0,'2025-12-16 14:48:58.000000','2026-01-19 15:07:19.047000',null,12.00,2,109.583106,24.405332);
INSERT INTO "ANALYSIS_PLATFORM"."TAK_BEACON_INFO"("ID","NAME","TYPE","AREA","BUILD_NAME","BUILD_ID","BEACON_ID","LOCATION","STATUS","CREATE_TIME","UPDATE_TIME","RFID_NAME","DISTANCE","FLOOR","LONGITUDE","LATITUDE")
VALUES(111,'雒容作业台2号线J车上','货运线作业台','A','雒容','210327','1918FD013A47','2号线',0,'2025-12-16 14:49:17.000000','2026-01-19 15:17:41.808000',null,12.00,2,109.583092,24.405344);
INSERT INTO "ANALYSIS_PLATFORM"."TAK_BEACON_INFO"("ID","NAME","TYPE","AREA","BUILD_NAME","BUILD_ID","BEACON_ID","LOCATION","STATUS","CREATE_TIME","UPDATE_TIME","RFID_NAME","DISTANCE","FLOOR","LONGITUDE","LATITUDE")
VALUES(112,'雒容作业台2号线J车下','货运线作业台','A','雒容','210327','1918FD01394A','2号线',0,'2025-12-16 14:51:00.000000','2026-01-19 15:06:25.838000',null,8.00,1,109.583190,24.405373);
INSERT INTO "ANALYSIS_PLATFORM"."TAK_BEACON_INFO"("ID","NAME","TYPE","AREA","BUILD_NAME","BUILD_ID","BEACON_ID","LOCATION","STATUS","CREATE_TIME","UPDATE_TIME","RFID_NAME","DISTANCE","FLOOR","LONGITUDE","LATITUDE")
VALUES(113,'雒容作业台1号线J车下','货运线作业台','A','雒容','210327','1918FD013865','1号线',0,'2025-12-16 14:51:18.000000','2026-01-19 15:05:44.368000',null,8.00,1,109.583193,24.405364);
INSERT INTO "ANALYSIS_PLATFORM"."TAK_BEACON_INFO"("ID","NAME","TYPE","AREA","BUILD_NAME","BUILD_ID","BEACON_ID","LOCATION","STATUS","CREATE_TIME","UPDATE_TIME","RFID_NAME","DISTANCE","FLOOR","LONGITUDE","LATITUDE")
VALUES(114,'雒容作业台2号线外上（出口）','货运线作业台','B','雒容','210327','1918FD0137D2','2号线',0,'2025-12-16 14:54:09.000000','2026-01-19 15:11:18.682000',null,8.00,2,109.582880,24.405304);
INSERT INTO "ANALYSIS_PLATFORM"."TAK_BEACON_INFO"("ID","NAME","TYPE","AREA","BUILD_NAME","BUILD_ID","BEACON_ID","LOCATION","STATUS","CREATE_TIME","UPDATE_TIME","RFID_NAME","DISTANCE","FLOOR","LONGITUDE","LATITUDE")
VALUES(115,'雒容作业台1号线外上（入口）','货运线作业台','B','雒容','210327','1918FD01397D','1号线',0,'2025-12-16 14:54:43.000000','2026-01-19 15:11:32.031000',null,8.00,2,109.582901,24.405222);
INSERT INTO "ANALYSIS_PLATFORM"."TAK_BEACON_INFO"("ID","NAME","TYPE","AREA","BUILD_NAME","BUILD_ID","BEACON_ID","LOCATION","STATUS","CREATE_TIME","UPDATE_TIME","RFID_NAME","DISTANCE","FLOOR","LONGITUDE","LATITUDE")
VALUES(116,'雒容作业台出入口（1号线）','货运线作业台','B','雒容','210327','1918FD013937','出入口',0,'2025-12-16 14:55:24.000000','2026-01-19 15:12:02.187000',null,8.00,0,109.582901,24.405222);
INSERT INTO "ANALYSIS_PLATFORM"."TAK_BEACON_INFO"("ID","NAME","TYPE","AREA","BUILD_NAME","BUILD_ID","BEACON_ID","LOCATION","STATUS","CREATE_TIME","UPDATE_TIME","RFID_NAME","DISTANCE","FLOOR","LONGITUDE","LATITUDE")
VALUES(117,'交通车A','交通车','A','雒容','210327','1918FD0119BA','交通车',1,'2025-12-16 15:00:30.000000','2026-01-20 09:25:43.605000',null,4.60,1,0.000000,0.000000);
INSERT INTO "ANALYSIS_PLATFORM"."TAK_BEACON_INFO"("ID","NAME","TYPE","AREA","BUILD_NAME","BUILD_ID","BEACON_ID","LOCATION","STATUS","CREATE_TIME","UPDATE_TIME","RFID_NAME","DISTANCE","FLOOR","LONGITUDE","LATITUDE")
VALUES(118,'火车交通车','交通车','A','雒容','210327','1918FD015810','交通车',0,'2026-01-19 15:09:36.000000','2026-01-20 09:27:02.151000',null,4.60,1,0.000000,0.000000);
INSERT INTO "ANALYSIS_PLATFORM"."TAK_BEACON_INFO"("ID","NAME","TYPE","AREA","BUILD_NAME","BUILD_ID","BEACON_ID","LOCATION","STATUS","CREATE_TIME","UPDATE_TIME","RFID_NAME","DISTANCE","FLOOR","LONGITUDE","LATITUDE")
VALUES(119,'大门口rfid杆','地跑','A','雒容','210327','1918FD0154FC','大门口',0,'2026-01-19 15:32:18.976000','2026-01-19 15:32:21.068422',null,8.00,2,109.588989,24.406317);
INSERT INTO "ANALYSIS_PLATFORM"."TAK_BEACON_INFO"("ID","NAME","TYPE","AREA","BUILD_NAME","BUILD_ID","BEACON_ID","LOCATION","STATUS","CREATE_TIME","UPDATE_TIME","RFID_NAME","DISTANCE","FLOOR","LONGITUDE","LATITUDE")
VALUES(120,'大门口闸机摄像头','地跑','A','雒容','210327','1918FD0154F9','大门口',0,'2026-01-19 15:33:59.325000','2026-01-19 15:34:01.414997',null,8.00,2,109.588944,24.406332);
INSERT INTO "ANALYSIS_PLATFORM"."TAK_BEACON_INFO"("ID","NAME","TYPE","AREA","BUILD_NAME","BUILD_ID","BEACON_ID","LOCATION","STATUS","CREATE_TIME","UPDATE_TIME","RFID_NAME","DISTANCE","FLOOR","LONGITUDE","LATITUDE")
VALUES(121,'大门口柱子','地跑','A','雒容','210327','1918FD0154F2','大门口',0,'2026-01-19 15:34:44.407000','2026-01-19 15:34:46.496555',null,8.00,2,109.588989,24.406317);
INSERT INTO "ANALYSIS_PLATFORM"."TAK_BEACON_INFO"("ID","NAME","TYPE","AREA","BUILD_NAME","BUILD_ID","BEACON_ID","LOCATION","STATUS","CREATE_TIME","UPDATE_TIME","RFID_NAME","DISTANCE","FLOOR","LONGITUDE","LATITUDE")
VALUES(122,'大门口告示牌','地跑','B','雒容','210327','1918FD0154FB','大门口',0,'2026-01-19 15:35:21.000000','2026-01-19 15:36:42.264000',null,8.00,2,109.588811,24.406378);
INSERT INTO "ANALYSIS_PLATFORM"."TAK_BEACON_INFO"("ID","NAME","TYPE","AREA","BUILD_NAME","BUILD_ID","BEACON_ID","LOCATION","STATUS","CREATE_TIME","UPDATE_TIME","RFID_NAME","DISTANCE","FLOOR","LONGITUDE","LATITUDE")
VALUES(123,'下穿通道门南','地跑','A','雒容','210327','1918FD0157EB','下穿通道',0,'2026-01-19 15:36:34.000000','2026-01-19 15:37:36.426000',null,8.00,2,109.581935,24.404018);
INSERT INTO "ANALYSIS_PLATFORM"."TAK_BEACON_INFO"("ID","NAME","TYPE","AREA","BUILD_NAME","BUILD_ID","BEACON_ID","LOCATION","STATUS","CREATE_TIME","UPDATE_TIME","RFID_NAME","DISTANCE","FLOOR","LONGITUDE","LATITUDE")
VALUES(124,'下穿通道门北','地跑','A','雒容','210327','1918FD0157EC','下穿通道',0,'2026-01-19 15:37:25.493000','2026-01-19 15:37:27.582074',null,8.00,2,109.581906,24.404091);
INSERT INTO "ANALYSIS_PLATFORM"."TAK_BEACON_INFO"("ID","NAME","TYPE","AREA","BUILD_NAME","BUILD_ID","BEACON_ID","LOCATION","STATUS","CREATE_TIME","UPDATE_TIME","RFID_NAME","DISTANCE","FLOOR","LONGITUDE","LATITUDE")
VALUES(125,'下穿通道rfid','地跑','B','雒容','210327','1918FD0154DE','下穿通道',0,'2026-01-19 15:38:32.000000','2026-01-19 15:39:20.858000',null,8.00,2,109.582043,24.404031);
INSERT INTO "ANALYSIS_PLATFORM"."TAK_BEACON_INFO"("ID","NAME","TYPE","AREA","BUILD_NAME","BUILD_ID","BEACON_ID","LOCATION","STATUS","CREATE_TIME","UPDATE_TIME","RFID_NAME","DISTANCE","FLOOR","LONGITUDE","LATITUDE")
VALUES(126,'下穿通道铁栅栏','地跑','B','雒容','210327','1918FD0154C7','下穿通道',0,'2026-01-19 15:39:07.246000','2026-01-19 15:39:09.336281',null,8.00,2,109.582018,24.404113);
INSERT INTO "ANALYSIS_PLATFORM"."TAK_BEACON_INFO"("ID","NAME","TYPE","AREA","BUILD_NAME","BUILD_ID","BEACON_ID","LOCATION","STATUS","CREATE_TIME","UPDATE_TIME","RFID_NAME","DISTANCE","FLOOR","LONGITUDE","LATITUDE")
VALUES(127,'地跑交通车','交通车','B','雒容','210327','1918FD015808','交通车',0,'2026-01-20 09:26:42.189000','2026-01-20 09:26:42.192841',null,4.60,1,0.000000,0.000000);
INSERT INTO "ANALYSIS_PLATFORM"."TAK_BEACON_INFO"("ID","NAME","TYPE","AREA","BUILD_NAME","BUILD_ID","BEACON_ID","LOCATION","STATUS","CREATE_TIME","UPDATE_TIME","RFID_NAME","DISTANCE","FLOOR","LONGITUDE","LATITUDE")
VALUES(128,'地跑交通车','交通车','C','雒容','210327','1918FD015807','交通车',0,'2026-01-20 09:27:22.000000','2026-01-20 09:27:28.420000',null,4.60,1,0.000000,0.000000);
INSERT INTO "ANALYSIS_PLATFORM"."TAK_BEACON_INFO"("ID","NAME","TYPE","AREA","BUILD_NAME","BUILD_ID","BEACON_ID","LOCATION","STATUS","CREATE_TIME","UPDATE_TIME","RFID_NAME","DISTANCE","FLOOR","LONGITUDE","LATITUDE")
VALUES(129,'地跑交通车','交通车','D','雒容','210327','1918FD01580C','交通车',0,'2026-01-20 09:27:42.091000','2026-01-20 09:27:42.093551',null,4.60,1,0.000000,0.000000);
SET IDENTITY_INSERT "ANALYSIS_PLATFORM"."TAK_BEACON_INFO" OFF;


-- ----------------------------
-- 27、行为记录详情表
-- ----------------------------
CREATE TABLE "ANALYSIS_PLATFORM"."TAK_BEHAVIOR_RECORD_DETAIL"
(
    "ID" BIGINT NOT NULL,
    "CARD_ID" VARCHAR(200),
    "TRACK_ID" VARCHAR(200),
    "RECORD_TIME" TIMESTAMP(0),
    "TIMESTAMP_MS" BIGINT,
    "LONGITUDE" DECIMAL(9,6),
    "LATITUDE" DECIMAL(9,6),
    "CREATE_TIME" TIMESTAMP(0),
    "UPDATE_TIME" TIMESTAMP(0),
    "SPEED" DECIMAL(12,6),
    NOT CLUSTER PRIMARY KEY("ID")) STORAGE(ON "MAIN", CLUSTERBTR) ;
COMMENT ON TABLE "ANALYSIS_PLATFORM"."TAK_BEHAVIOR_RECORD_DETAIL" IS '行为记录详情表';
COMMENT ON COLUMN "ANALYSIS_PLATFORM"."TAK_BEHAVIOR_RECORD_DETAIL"."ID" IS 'ID';
COMMENT ON COLUMN "ANALYSIS_PLATFORM"."TAK_BEHAVIOR_RECORD_DETAIL"."CARD_ID" IS '用户ID';
COMMENT ON COLUMN "ANALYSIS_PLATFORM"."TAK_BEHAVIOR_RECORD_DETAIL"."TRACK_ID" IS '轨迹编号';
COMMENT ON COLUMN "ANALYSIS_PLATFORM"."TAK_BEHAVIOR_RECORD_DETAIL"."RECORD_TIME" IS '点时间';
COMMENT ON COLUMN "ANALYSIS_PLATFORM"."TAK_BEHAVIOR_RECORD_DETAIL"."TIMESTAMP_MS" IS '点时间';
COMMENT ON COLUMN "ANALYSIS_PLATFORM"."TAK_BEHAVIOR_RECORD_DETAIL"."LONGITUDE" IS '经度';
COMMENT ON COLUMN "ANALYSIS_PLATFORM"."TAK_BEHAVIOR_RECORD_DETAIL"."LATITUDE" IS '维度';
COMMENT ON COLUMN "ANALYSIS_PLATFORM"."TAK_BEHAVIOR_RECORD_DETAIL"."CREATE_TIME" IS '创建时间';
COMMENT ON COLUMN "ANALYSIS_PLATFORM"."TAK_BEHAVIOR_RECORD_DETAIL"."UPDATE_TIME" IS '更新时间';
COMMENT ON COLUMN "ANALYSIS_PLATFORM"."TAK_BEHAVIOR_RECORD_DETAIL"."SPEED" IS '速度m/s';


-- ----------------------------
-- 28、行为记录表
-- ----------------------------
CREATE TABLE "ANALYSIS_PLATFORM"."TAK_BEHAVIOR_RECORDS"
(
    "ID" BIGINT NOT NULL,
    "CARD_ID" VARCHAR(200) NOT NULL,
    "YARD_ID" VARCHAR(200) NOT NULL,
    "TRACK_ID" VARCHAR(200) NOT NULL,
    "START_TIME" TIMESTAMP(0),
    "END_TIME" TIMESTAMP(0),
    "POINT_COUNT" BIGINT,
    "CREATE_TIME" TIMESTAMP(0),
    "UPDATE_TIME" TIMESTAMP(0),
    "TYPE" INT,
    "DURATION" VARCHAR(100),
    "STATE" VARCHAR(100),
    "MATCH_STATUS" INTEGER DEFAULT 0,
    "MATCHED_RFID_ID" BIGINT,
    "MATCH_TIME" TIMESTAMP(6),
    "BEACON_NAME" VARCHAR(64),
    "RFID_NAME" VARCHAR(64),
    "AREA" VARCHAR(64),
    "PUSH_STATUS" INT DEFAULT 1,
    "VISION_ID" BIGINT,
    "VEHICLE_CODE" VARCHAR(50),
    NOT CLUSTER PRIMARY KEY("ID")) STORAGE(ON "MAIN", CLUSTERBTR) ;
CREATE OR REPLACE  INDEX "ANALYSIS_PLATFORM"."IDX_JOB_MATCH_STATUS" ON "ANALYSIS_PLATFORM"."TAK_BEHAVIOR_RECORDS"("MATCH_STATUS" ASC) STORAGE(ON "MAIN", CLUSTERBTR) ;
CREATE OR REPLACE  INDEX "ANALYSIS_PLATFORM"."idx_behavior_records_query" ON "ANALYSIS_PLATFORM"."TAK_BEHAVIOR_RECORDS"("CARD_ID" DESC,"YARD_ID" DESC,"START_TIME" DESC) STORAGE(ON "MAIN", CLUSTERBTR) ;
CREATE OR REPLACE  INDEX "ANALYSIS_PLATFORM"."IDX_JOB_MATCHED_RFID_ID" ON "ANALYSIS_PLATFORM"."TAK_BEHAVIOR_RECORDS"("MATCHED_RFID_ID" ASC) STORAGE(ON "MAIN", CLUSTERBTR) ;
COMMENT ON TABLE "ANALYSIS_PLATFORM"."TAK_BEHAVIOR_RECORDS" IS '行为记录表';
COMMENT ON COLUMN "ANALYSIS_PLATFORM"."TAK_BEHAVIOR_RECORDS"."ID" IS 'ID';
COMMENT ON COLUMN "ANALYSIS_PLATFORM"."TAK_BEHAVIOR_RECORDS"."CARD_ID" IS '用户ID';
COMMENT ON COLUMN "ANALYSIS_PLATFORM"."TAK_BEHAVIOR_RECORDS"."YARD_ID" IS '货场ID';
COMMENT ON COLUMN "ANALYSIS_PLATFORM"."TAK_BEHAVIOR_RECORDS"."TRACK_ID" IS '轨迹编号（如: zhang001_20250705_1100）';
COMMENT ON COLUMN "ANALYSIS_PLATFORM"."TAK_BEHAVIOR_RECORDS"."START_TIME" IS '轨迹起始时间';
COMMENT ON COLUMN "ANALYSIS_PLATFORM"."TAK_BEHAVIOR_RECORDS"."END_TIME" IS '轨迹结束时间';
COMMENT ON COLUMN "ANALYSIS_PLATFORM"."TAK_BEHAVIOR_RECORDS"."POINT_COUNT" IS '点数量';
COMMENT ON COLUMN "ANALYSIS_PLATFORM"."TAK_BEHAVIOR_RECORDS"."CREATE_TIME" IS '创建时间';
COMMENT ON COLUMN "ANALYSIS_PLATFORM"."TAK_BEHAVIOR_RECORDS"."UPDATE_TIME" IS '更新时间';
COMMENT ON COLUMN "ANALYSIS_PLATFORM"."TAK_BEHAVIOR_RECORDS"."TYPE" IS '行为类型 0 到达卸车 1 发运装车 2 轿运车卸车 3 轿运车装车 4地跑入库 5 地跑出库';
COMMENT ON COLUMN "ANALYSIS_PLATFORM"."TAK_BEHAVIOR_RECORDS"."DURATION" IS '持续时间';
COMMENT ON COLUMN "ANALYSIS_PLATFORM"."TAK_BEHAVIOR_RECORDS"."STATE" IS '状态 完成 行驶中';
COMMENT ON COLUMN "ANALYSIS_PLATFORM"."TAK_BEHAVIOR_RECORDS"."MATCH_STATUS" IS '匹配状态：0-未匹配，1-匹配成功，2-作业数据多余（没有RFID匹配）';
COMMENT ON COLUMN "ANALYSIS_PLATFORM"."TAK_BEHAVIOR_RECORDS"."MATCHED_RFID_ID" IS '匹配的RFID记录ID';
COMMENT ON COLUMN "ANALYSIS_PLATFORM"."TAK_BEHAVIOR_RECORDS"."MATCH_TIME" IS '匹配时间';
COMMENT ON COLUMN "ANALYSIS_PLATFORM"."TAK_BEHAVIOR_RECORDS"."BEACON_NAME" IS '信标名称';
COMMENT ON COLUMN "ANALYSIS_PLATFORM"."TAK_BEHAVIOR_RECORDS"."RFID_NAME" IS 'RFID名称';
COMMENT ON COLUMN "ANALYSIS_PLATFORM"."TAK_BEHAVIOR_RECORDS"."AREA" IS '信标区域';
COMMENT ON COLUMN "ANALYSIS_PLATFORM"."TAK_BEHAVIOR_RECORDS"."PUSH_STATUS" IS '推送状态 0-已推送 1-未推送';
COMMENT ON COLUMN "ANALYSIS_PLATFORM"."TAK_BEHAVIOR_RECORDS"."VISION_ID" IS '视觉匹配ID';
COMMENT ON COLUMN "ANALYSIS_PLATFORM"."TAK_BEHAVIOR_RECORDS"."VEHICLE_CODE" IS 'VIN码';


-- ----------------------------
-- 29、定位卡管理
-- ----------------------------
CREATE TABLE "ANALYSIS_PLATFORM"."TAK_CARD_INFO"
(
    "ID" BIGINT IDENTITY(1, 1) NOT NULL,
    "CARD_ID" VARCHAR(64) NOT NULL,
    "YARD_ID" VARCHAR(64) NOT NULL,
    "YARD_NAME" VARCHAR(128) NOT NULL,
    "TYPE" VARCHAR(16) NOT NULL,
    "BIZ_TYPE" TINYINT NOT NULL,
    "ENABLED" TINYINT DEFAULT 1 NOT NULL,
    "CREATE_TIME" TIMESTAMP(6) DEFAULT SYSDATE NOT NULL,
    "UPDATE_TIME" TIMESTAMP(6) DEFAULT SYSDATE NOT NULL,
    CONSTRAINT "PK_TAK_CARD_INFO" NOT CLUSTER PRIMARY KEY("ID"),
    CONSTRAINT "UK_TAK_CARD_INFO_CARD" UNIQUE("CARD_ID"),
    CONSTRAINT "CK_TAK_CARD_INFO_TYPE" CHECK("TYPE" IN ('ZQ', 'XRKC'))
    ,CONSTRAINT "CK_TAK_CARD_INFO_ENABLED" CHECK(ENABLED IN (0, 1))
    ,CONSTRAINT "CK_TAK_CARD_INFO_BIZ_TYPE" CHECK(BIZ_TYPE IN (0, 1, 2, 10))) STORAGE(ON "MAIN", CLUSTERBTR) ;
COMMENT ON TABLE "ANALYSIS_PLATFORM"."TAK_CARD_INFO" IS '定位卡管理';
COMMENT ON COLUMN "ANALYSIS_PLATFORM"."TAK_CARD_INFO"."ID" IS '主键ID';
COMMENT ON COLUMN "ANALYSIS_PLATFORM"."TAK_CARD_INFO"."CARD_ID" IS '卡ID';
COMMENT ON COLUMN "ANALYSIS_PLATFORM"."TAK_CARD_INFO"."YARD_ID" IS '货场ID';
COMMENT ON COLUMN "ANALYSIS_PLATFORM"."TAK_CARD_INFO"."YARD_NAME" IS '货场名称';
COMMENT ON COLUMN "ANALYSIS_PLATFORM"."TAK_CARD_INFO"."TYPE" IS '定位卡类型（ZQ真趣，XRKC新锐科创）';
COMMENT ON COLUMN "ANALYSIS_PLATFORM"."TAK_CARD_INFO"."BIZ_TYPE" IS '业务类型（0板车 1火车 2交通车 10其他）';
COMMENT ON COLUMN "ANALYSIS_PLATFORM"."TAK_CARD_INFO"."ENABLED" IS '是否启用（0启用 1禁用）';
COMMENT ON COLUMN "ANALYSIS_PLATFORM"."TAK_CARD_INFO"."CREATE_TIME" IS '创建时间';
COMMENT ON COLUMN "ANALYSIS_PLATFORM"."TAK_CARD_INFO"."UPDATE_TIME" IS '更新时间';

SET IDENTITY_INSERT "ANALYSIS_PLATFORM"."TAK_CARD_INFO" ON;
INSERT INTO "ANALYSIS_PLATFORM"."TAK_CARD_INFO"("ID","CARD_ID","YARD_ID","YARD_NAME","TYPE","BIZ_TYPE","ENABLED","CREATE_TIME","UPDATE_TIME")
VALUES(113,'49904','luorong','雒容','xrkc','1','1','2025-11-13 17:14:54.148000','2025-11-17 15:19:04.694000');
INSERT INTO "ANALYSIS_PLATFORM"."TAK_CARD_INFO"("ID","CARD_ID","YARD_ID","YARD_NAME","TYPE","BIZ_TYPE","ENABLED","CREATE_TIME","UPDATE_TIME")
VALUES(114,'1918B30005D6','dongjiazhen','董家镇','zq','1','1','2025-11-13 17:22:24.018000','2026-01-10 17:46:07.043000');
INSERT INTO "ANALYSIS_PLATFORM"."TAK_CARD_INFO"("ID","CARD_ID","YARD_ID","YARD_NAME","TYPE","BIZ_TYPE","ENABLED","CREATE_TIME","UPDATE_TIME")
VALUES(115,'1918B300061E','dongjiazhen','董家镇','zq','1','1','2025-11-13 17:24:52.291000','2026-01-10 17:46:05.000000');
INSERT INTO "ANALYSIS_PLATFORM"."TAK_CARD_INFO"("ID","CARD_ID","YARD_ID","YARD_NAME","TYPE","BIZ_TYPE","ENABLED","CREATE_TIME","UPDATE_TIME")
VALUES(116,'1918B300094E','dongjiazhen','董家镇','zq','1','1','2025-11-13 17:26:46.975000','2026-01-10 17:46:02.763000');
INSERT INTO "ANALYSIS_PLATFORM"."TAK_CARD_INFO"("ID","CARD_ID","YARD_ID","YARD_NAME","TYPE","BIZ_TYPE","ENABLED","CREATE_TIME","UPDATE_TIME")
VALUES(117,'1918B3000561','dongjiazhen','董家镇','zq','0','1','2025-11-13 17:27:10.058000','2026-01-10 17:45:58.422000');
INSERT INTO "ANALYSIS_PLATFORM"."TAK_CARD_INFO"("ID","CARD_ID","YARD_ID","YARD_NAME","TYPE","BIZ_TYPE","ENABLED","CREATE_TIME","UPDATE_TIME")
VALUES(118,'1918B3000BA3','luorong','雒容','zq','1','0','2025-11-13 17:27:22.780000','2026-01-07 11:02:59.440000');
INSERT INTO "ANALYSIS_PLATFORM"."TAK_CARD_INFO"("ID","CARD_ID","YARD_ID","YARD_NAME","TYPE","BIZ_TYPE","ENABLED","CREATE_TIME","UPDATE_TIME")
VALUES(119,'1918B3000978','dongjiazhen','董家镇','zq','1','1','2025-11-13 17:27:31.919000','2026-01-10 17:46:00.587000');
INSERT INTO "ANALYSIS_PLATFORM"."TAK_CARD_INFO"("ID","CARD_ID","YARD_ID","YARD_NAME","TYPE","BIZ_TYPE","ENABLED","CREATE_TIME","UPDATE_TIME")
VALUES(120,'49899','luorong','雒容','xrkc','1','1','2025-11-17 11:47:30.738000','2025-11-20 16:48:55.548000');
INSERT INTO "ANALYSIS_PLATFORM"."TAK_CARD_INFO"("ID","CARD_ID","YARD_ID","YARD_NAME","TYPE","BIZ_TYPE","ENABLED","CREATE_TIME","UPDATE_TIME")
VALUES(121,'49898','luorong','雒容','xrkc','1','1','2025-11-17 11:47:39.886000','2025-11-20 16:57:39.844000');
INSERT INTO "ANALYSIS_PLATFORM"."TAK_CARD_INFO"("ID","CARD_ID","YARD_ID","YARD_NAME","TYPE","BIZ_TYPE","ENABLED","CREATE_TIME","UPDATE_TIME")
VALUES(122,'49902','luorong','雒容','xrkc','1','1','2025-11-17 11:47:47.844000','2025-11-17 15:18:51.836000');
INSERT INTO "ANALYSIS_PLATFORM"."TAK_CARD_INFO"("ID","CARD_ID","YARD_ID","YARD_NAME","TYPE","BIZ_TYPE","ENABLED","CREATE_TIME","UPDATE_TIME")
VALUES(123,'49897','luorong','雒容','xrkc','1','1','2025-11-17 11:47:59.931000','2025-11-20 16:00:48.054000');
INSERT INTO "ANALYSIS_PLATFORM"."TAK_CARD_INFO"("ID","CARD_ID","YARD_ID","YARD_NAME","TYPE","BIZ_TYPE","ENABLED","CREATE_TIME","UPDATE_TIME")
VALUES(124,'49903','luorong','雒容','xrkc','1','1','2025-11-17 11:48:06.527000','2025-11-21 11:43:51.023000');
INSERT INTO "ANALYSIS_PLATFORM"."TAK_CARD_INFO"("ID","CARD_ID","YARD_ID","YARD_NAME","TYPE","BIZ_TYPE","ENABLED","CREATE_TIME","UPDATE_TIME")
VALUES(125,'49905','luorong','雒容','xrkc','1','1','2025-11-17 11:48:19.513000','2025-11-20 15:22:02.849000');
INSERT INTO "ANALYSIS_PLATFORM"."TAK_CARD_INFO"("ID","CARD_ID","YARD_ID","YARD_NAME","TYPE","BIZ_TYPE","ENABLED","CREATE_TIME","UPDATE_TIME")
VALUES(126,'49908','luorong','雒容','xrkc','1','1','2025-11-17 11:48:26.299000','2025-11-21 11:57:07.293000');
INSERT INTO "ANALYSIS_PLATFORM"."TAK_CARD_INFO"("ID","CARD_ID","YARD_ID","YARD_NAME","TYPE","BIZ_TYPE","ENABLED","CREATE_TIME","UPDATE_TIME")
VALUES(127,'49907','luorong','雒容','xrkc','1','1','2025-11-17 11:48:33.164000','2025-12-01 10:04:57.148000');
INSERT INTO "ANALYSIS_PLATFORM"."TAK_CARD_INFO"("ID","CARD_ID","YARD_ID","YARD_NAME","TYPE","BIZ_TYPE","ENABLED","CREATE_TIME","UPDATE_TIME")
VALUES(128,'49906','luorong','雒容','xrkc','1','1','2025-11-17 11:48:42.439000','2025-11-20 17:04:33.752000');
INSERT INTO "ANALYSIS_PLATFORM"."TAK_CARD_INFO"("ID","CARD_ID","YARD_ID","YARD_NAME","TYPE","BIZ_TYPE","ENABLED","CREATE_TIME","UPDATE_TIME")
VALUES(129,'49901','luorong','雒容','xrkc','1','1','2025-11-17 11:48:52.131000','2025-11-21 11:12:43.910000');
INSERT INTO "ANALYSIS_PLATFORM"."TAK_CARD_INFO"("ID","CARD_ID","YARD_ID","YARD_NAME","TYPE","BIZ_TYPE","ENABLED","CREATE_TIME","UPDATE_TIME")
VALUES(130,'1918B3001244','luorong','雒容','zq','1','0','2025-11-24 17:38:21.451000','2026-01-07 11:02:58.116000');
INSERT INTO "ANALYSIS_PLATFORM"."TAK_CARD_INFO"("ID","CARD_ID","YARD_ID","YARD_NAME","TYPE","BIZ_TYPE","ENABLED","CREATE_TIME","UPDATE_TIME")
VALUES(131,'1918B3000FC8','luorong','雒容','zq','1','0','2025-11-24 17:39:15.575000','2025-12-30 09:09:18.409000');
INSERT INTO "ANALYSIS_PLATFORM"."TAK_CARD_INFO"("ID","CARD_ID","YARD_ID","YARD_NAME","TYPE","BIZ_TYPE","ENABLED","CREATE_TIME","UPDATE_TIME")
VALUES(132,'140701','luorong','雒容','xrkc','1','1','2025-12-01 10:04:51.957000','2025-12-05 16:10:06.660000');
INSERT INTO "ANALYSIS_PLATFORM"."TAK_CARD_INFO"("ID","CARD_ID","YARD_ID","YARD_NAME","TYPE","BIZ_TYPE","ENABLED","CREATE_TIME","UPDATE_TIME")
VALUES(133,'140702','luorong','雒容','xrkc','1','1','2025-12-01 10:05:04.912000','2025-12-05 16:10:05.024000');
INSERT INTO "ANALYSIS_PLATFORM"."TAK_CARD_INFO"("ID","CARD_ID","YARD_ID","YARD_NAME","TYPE","BIZ_TYPE","ENABLED","CREATE_TIME","UPDATE_TIME")
VALUES(134,'140703','luorong','雒容','xrkc','1','1','2025-12-01 10:05:12.777000','2025-12-05 16:10:03.513000');
INSERT INTO "ANALYSIS_PLATFORM"."TAK_CARD_INFO"("ID","CARD_ID","YARD_ID","YARD_NAME","TYPE","BIZ_TYPE","ENABLED","CREATE_TIME","UPDATE_TIME")
VALUES(135,'140704','luorong','雒容','xrkc','1','1','2025-12-01 10:05:19.798000','2025-12-05 16:10:02.181000');
INSERT INTO "ANALYSIS_PLATFORM"."TAK_CARD_INFO"("ID","CARD_ID","YARD_ID","YARD_NAME","TYPE","BIZ_TYPE","ENABLED","CREATE_TIME","UPDATE_TIME")
VALUES(136,'1918B30012F1','luorong','雒容','zq','1','0','2025-12-04 11:01:53.626000','2026-01-07 11:02:51.552000');
INSERT INTO "ANALYSIS_PLATFORM"."TAK_CARD_INFO"("ID","CARD_ID","YARD_ID","YARD_NAME","TYPE","BIZ_TYPE","ENABLED","CREATE_TIME","UPDATE_TIME")
VALUES(137,'1918B3000FCA','luorong','雒容','zq','1','0','2025-12-05 16:09:56.204000','2026-01-07 11:02:52.658000');
INSERT INTO "ANALYSIS_PLATFORM"."TAK_CARD_INFO"("ID","CARD_ID","YARD_ID","YARD_NAME","TYPE","BIZ_TYPE","ENABLED","CREATE_TIME","UPDATE_TIME")
VALUES(138,'1918B3000BA8','luorong','雒容','zq','1','0','2025-12-05 16:12:28.637000','2026-01-07 11:02:53.985000');
INSERT INTO "ANALYSIS_PLATFORM"."TAK_CARD_INFO"("ID","CARD_ID","YARD_ID","YARD_NAME","TYPE","BIZ_TYPE","ENABLED","CREATE_TIME","UPDATE_TIME")
VALUES(139,'1918B3000A79','luorong','雒容','zq','2','0','2025-12-11 11:07:47.848000','2026-01-14 11:03:29.721000');
INSERT INTO "ANALYSIS_PLATFORM"."TAK_CARD_INFO"("ID","CARD_ID","YARD_ID","YARD_NAME","TYPE","BIZ_TYPE","ENABLED","CREATE_TIME","UPDATE_TIME")
VALUES(140,'1918B3001305','luorong','雒容','zq','1','0','2025-12-11 11:09:51.876000','2026-01-07 11:02:56.685000');
INSERT INTO "ANALYSIS_PLATFORM"."TAK_CARD_INFO"("ID","CARD_ID","YARD_ID","YARD_NAME","TYPE","BIZ_TYPE","ENABLED","CREATE_TIME","UPDATE_TIME")
VALUES(141,'1918B3001827','luorong','雒容','zq','1','0','2026-01-10 17:42:21.043000','2026-01-10 17:42:21.043000');
INSERT INTO "ANALYSIS_PLATFORM"."TAK_CARD_INFO"("ID","CARD_ID","YARD_ID","YARD_NAME","TYPE","BIZ_TYPE","ENABLED","CREATE_TIME","UPDATE_TIME")
VALUES(142,'1918B30017B3','luorong','雒容','zq','1','0','2026-01-10 17:42:52.773000','2026-01-10 17:42:52.773000');
INSERT INTO "ANALYSIS_PLATFORM"."TAK_CARD_INFO"("ID","CARD_ID","YARD_ID","YARD_NAME","TYPE","BIZ_TYPE","ENABLED","CREATE_TIME","UPDATE_TIME")
VALUES(143,'1918B3001729','luorong','雒容','zq','1','0','2026-01-10 17:43:08.069000','2026-01-10 17:43:08.069000');
INSERT INTO "ANALYSIS_PLATFORM"."TAK_CARD_INFO"("ID","CARD_ID","YARD_ID","YARD_NAME","TYPE","BIZ_TYPE","ENABLED","CREATE_TIME","UPDATE_TIME")
VALUES(144,'1918B3001847','luorong','雒容','zq','1','0','2026-01-10 17:43:32.642000','2026-01-10 17:44:02.206000');
INSERT INTO "ANALYSIS_PLATFORM"."TAK_CARD_INFO"("ID","CARD_ID","YARD_ID","YARD_NAME","TYPE","BIZ_TYPE","ENABLED","CREATE_TIME","UPDATE_TIME")
VALUES(145,'1918B30017EE','luorong','雒容','zq','1','0','2026-01-10 17:44:18.722000','2026-01-21 09:40:17.443000');
INSERT INTO "ANALYSIS_PLATFORM"."TAK_CARD_INFO"("ID","CARD_ID","YARD_ID","YARD_NAME","TYPE","BIZ_TYPE","ENABLED","CREATE_TIME","UPDATE_TIME")
VALUES(146,'1918B300178A','luorong','雒容','zq','1','0','2026-01-10 17:45:34.106000','2026-01-21 09:40:06.206000');
INSERT INTO "ANALYSIS_PLATFORM"."TAK_CARD_INFO"("ID","CARD_ID","YARD_ID","YARD_NAME","TYPE","BIZ_TYPE","ENABLED","CREATE_TIME","UPDATE_TIME")
VALUES(147,'1918B30021EE','luorong','雒容','zq','1','0','2026-01-21 09:40:35.550000','2026-01-21 09:40:35.550000');
INSERT INTO "ANALYSIS_PLATFORM"."TAK_CARD_INFO"("ID","CARD_ID","YARD_ID","YARD_NAME","TYPE","BIZ_TYPE","ENABLED","CREATE_TIME","UPDATE_TIME")
VALUES(148,'1918B3002662','luorong','雒容','zq','1','0','2026-01-21 09:40:47.576000','2026-01-21 09:40:47.576000');
INSERT INTO "ANALYSIS_PLATFORM"."TAK_CARD_INFO"("ID","CARD_ID","YARD_ID","YARD_NAME","TYPE","BIZ_TYPE","ENABLED","CREATE_TIME","UPDATE_TIME")
VALUES(149,'1918B3002783','luorong','雒容','zq','1','0','2026-01-21 09:40:52.822000','2026-01-21 09:40:52.822000');
INSERT INTO "ANALYSIS_PLATFORM"."TAK_CARD_INFO"("ID","CARD_ID","YARD_ID","YARD_NAME","TYPE","BIZ_TYPE","ENABLED","CREATE_TIME","UPDATE_TIME")
VALUES(150,'1918B3002789','luorong','雒容','zq','1','0','2026-01-21 09:40:58.719000','2026-01-21 09:40:58.719000');
INSERT INTO "ANALYSIS_PLATFORM"."TAK_CARD_INFO"("ID","CARD_ID","YARD_ID","YARD_NAME","TYPE","BIZ_TYPE","ENABLED","CREATE_TIME","UPDATE_TIME")
VALUES(151,'1918B300278C','luorong','雒容','zq','1','0','2026-01-21 09:41:03.973000','2026-01-21 09:41:03.973000');
INSERT INTO "ANALYSIS_PLATFORM"."TAK_CARD_INFO"("ID","CARD_ID","YARD_ID","YARD_NAME","TYPE","BIZ_TYPE","ENABLED","CREATE_TIME","UPDATE_TIME")
VALUES(152,'1918B30027D0','luorong','雒容','zq','1','0','2026-01-21 09:41:09.290000','2026-01-21 09:41:09.290000');
INSERT INTO "ANALYSIS_PLATFORM"."TAK_CARD_INFO"("ID","CARD_ID","YARD_ID","YARD_NAME","TYPE","BIZ_TYPE","ENABLED","CREATE_TIME","UPDATE_TIME")
VALUES(153,'1918B30027E1','luorong','雒容','zq','1','0','2026-01-21 09:41:15.033000','2026-01-21 09:41:15.033000');
INSERT INTO "ANALYSIS_PLATFORM"."TAK_CARD_INFO"("ID","CARD_ID","YARD_ID","YARD_NAME","TYPE","BIZ_TYPE","ENABLED","CREATE_TIME","UPDATE_TIME")
VALUES(154,'1918B300283B','luorong','雒容','zq','1','0','2026-01-21 09:41:20.901000','2026-01-21 09:41:20.901000');
INSERT INTO "ANALYSIS_PLATFORM"."TAK_CARD_INFO"("ID","CARD_ID","YARD_ID","YARD_NAME","TYPE","BIZ_TYPE","ENABLED","CREATE_TIME","UPDATE_TIME")
VALUES(155,'1918B3002855','luorong','雒容','zq','1','0','2026-01-21 09:41:26.245000','2026-01-21 09:41:26.245000');
INSERT INTO "ANALYSIS_PLATFORM"."TAK_CARD_INFO"("ID","CARD_ID","YARD_ID","YARD_NAME","TYPE","BIZ_TYPE","ENABLED","CREATE_TIME","UPDATE_TIME")
VALUES(156,'1918B3002856','luorong','雒容','zq','1','0','2026-01-21 09:41:31.887000','2026-01-21 09:41:31.887000');
INSERT INTO "ANALYSIS_PLATFORM"."TAK_CARD_INFO"("ID","CARD_ID","YARD_ID","YARD_NAME","TYPE","BIZ_TYPE","ENABLED","CREATE_TIME","UPDATE_TIME")
VALUES(157,'1918B300286B','luorong','雒容','zq','1','0','2026-01-21 09:41:37.549000','2026-01-21 09:41:37.549000');
INSERT INTO "ANALYSIS_PLATFORM"."TAK_CARD_INFO"("ID","CARD_ID","YARD_ID","YARD_NAME","TYPE","BIZ_TYPE","ENABLED","CREATE_TIME","UPDATE_TIME")
VALUES(158,'1918B30028D4','luorong','雒容','zq','1','0','2026-01-21 09:41:42.224000','2026-01-21 09:41:42.224000');
INSERT INTO "ANALYSIS_PLATFORM"."TAK_CARD_INFO"("ID","CARD_ID","YARD_ID","YARD_NAME","TYPE","BIZ_TYPE","ENABLED","CREATE_TIME","UPDATE_TIME")
VALUES(159,'1918B30029BE','luorong','雒容','zq','1','0','2026-01-21 09:41:48.713000','2026-01-21 09:41:48.713000');
INSERT INTO "ANALYSIS_PLATFORM"."TAK_CARD_INFO"("ID","CARD_ID","YARD_ID","YARD_NAME","TYPE","BIZ_TYPE","ENABLED","CREATE_TIME","UPDATE_TIME")
VALUES(160,'1918B30029D5','luorong','雒容','zq','1','0','2026-01-21 09:41:53.898000','2026-01-22 17:11:22.633000');
INSERT INTO "ANALYSIS_PLATFORM"."TAK_CARD_INFO"("ID","CARD_ID","YARD_ID","YARD_NAME","TYPE","BIZ_TYPE","ENABLED","CREATE_TIME","UPDATE_TIME")
VALUES(161,'1918B30028C0','luorong','雒容','zq','1','0','2026-01-22 17:11:53.256000','2026-01-22 17:11:53.256000');
INSERT INTO "ANALYSIS_PLATFORM"."TAK_CARD_INFO"("ID","CARD_ID","YARD_ID","YARD_NAME","TYPE","BIZ_TYPE","ENABLED","CREATE_TIME","UPDATE_TIME")
VALUES(162,'1918B30027A8','luorong','雒容','zq','1','0','2026-01-22 17:11:58.858000','2026-01-22 17:11:58.858000');
INSERT INTO "ANALYSIS_PLATFORM"."TAK_CARD_INFO"("ID","CARD_ID","YARD_ID","YARD_NAME","TYPE","BIZ_TYPE","ENABLED","CREATE_TIME","UPDATE_TIME")
VALUES(163,'1918B3002085','luorong','雒容','zq','1','0','2026-01-22 17:12:04.284000','2026-01-22 17:12:04.284000');
INSERT INTO "ANALYSIS_PLATFORM"."TAK_CARD_INFO"("ID","CARD_ID","YARD_ID","YARD_NAME","TYPE","BIZ_TYPE","ENABLED","CREATE_TIME","UPDATE_TIME")
VALUES(164,'1918B3002141','luorong','雒容','zq','1','0','2026-01-22 17:12:09.632000','2026-01-22 17:12:09.632000');
INSERT INTO "ANALYSIS_PLATFORM"."TAK_CARD_INFO"("ID","CARD_ID","YARD_ID","YARD_NAME","TYPE","BIZ_TYPE","ENABLED","CREATE_TIME","UPDATE_TIME")
VALUES(165,'1918B30028B8','luorong','雒容','zq','1','0','2026-01-22 17:12:14.552000','2026-01-22 17:12:14.552000');
INSERT INTO "ANALYSIS_PLATFORM"."TAK_CARD_INFO"("ID","CARD_ID","YARD_ID","YARD_NAME","TYPE","BIZ_TYPE","ENABLED","CREATE_TIME","UPDATE_TIME")
VALUES(166,'1918B30027EB','luorong','雒容','zq','1','0','2026-01-22 17:12:21.288000','2026-01-22 17:12:21.288000');
INSERT INTO "ANALYSIS_PLATFORM"."TAK_CARD_INFO"("ID","CARD_ID","YARD_ID","YARD_NAME","TYPE","BIZ_TYPE","ENABLED","CREATE_TIME","UPDATE_TIME")
VALUES(167,'1918B3002823','luorong','雒容','zq','1','0','2026-01-22 17:12:26.071000','2026-01-22 17:12:26.071000');
INSERT INTO "ANALYSIS_PLATFORM"."TAK_CARD_INFO"("ID","CARD_ID","YARD_ID","YARD_NAME","TYPE","BIZ_TYPE","ENABLED","CREATE_TIME","UPDATE_TIME")
VALUES(168,'1918B30029EE','luorong','雒容','zq','1','0','2026-01-22 17:12:32.015000','2026-01-22 17:12:32.015000');
INSERT INTO "ANALYSIS_PLATFORM"."TAK_CARD_INFO"("ID","CARD_ID","YARD_ID","YARD_NAME","TYPE","BIZ_TYPE","ENABLED","CREATE_TIME","UPDATE_TIME")
VALUES(169,'1918B30028B4','luorong','雒容','zq','1','0','2026-01-22 17:12:36.938000','2026-01-22 17:12:36.938000');
INSERT INTO "ANALYSIS_PLATFORM"."TAK_CARD_INFO"("ID","CARD_ID","YARD_ID","YARD_NAME","TYPE","BIZ_TYPE","ENABLED","CREATE_TIME","UPDATE_TIME")
VALUES(170,'1918B300286A','luorong','雒容','zq','1','0','2026-01-22 17:12:41.999000','2026-01-22 17:12:41.999000');
INSERT INTO "ANALYSIS_PLATFORM"."TAK_CARD_INFO"("ID","CARD_ID","YARD_ID","YARD_NAME","TYPE","BIZ_TYPE","ENABLED","CREATE_TIME","UPDATE_TIME")
VALUES(171,'1918B30028D2','luorong','雒容','zq','1','0','2026-01-22 17:12:46.801000','2026-01-22 17:12:46.801000');
INSERT INTO "ANALYSIS_PLATFORM"."TAK_CARD_INFO"("ID","CARD_ID","YARD_ID","YARD_NAME","TYPE","BIZ_TYPE","ENABLED","CREATE_TIME","UPDATE_TIME")
VALUES(172,'1918B30027B7','luorong','雒容','zq','1','0','2026-01-22 17:12:52.511000','2026-01-22 17:12:52.511000');
INSERT INTO "ANALYSIS_PLATFORM"."TAK_CARD_INFO"("ID","CARD_ID","YARD_ID","YARD_NAME","TYPE","BIZ_TYPE","ENABLED","CREATE_TIME","UPDATE_TIME")
VALUES(173,'1918B30027A6','luorong','雒容','zq','1','0','2026-01-22 17:12:57.787000','2026-01-22 17:12:57.787000');
INSERT INTO "ANALYSIS_PLATFORM"."TAK_CARD_INFO"("ID","CARD_ID","YARD_ID","YARD_NAME","TYPE","BIZ_TYPE","ENABLED","CREATE_TIME","UPDATE_TIME")
VALUES(174,'1918B30027A0','luorong','雒容','zq','1','0','2026-01-22 17:13:02.712000','2026-01-22 17:13:02.712000');
SET IDENTITY_INSERT "ANALYSIS_PLATFORM"."TAK_CARD_INFO" OFF;


-- ----------------------------
-- 30、RFID识别记录表
-- ----------------------------
CREATE TABLE "ANALYSIS_PLATFORM"."TAK_RFID_RECORD"
(
    "ID" BIGINT NOT NULL,
    "RECORD_CODE" VARCHAR(255),
    "VEHICLE_TIME" TIMESTAMP(6),
    "REGION_ID" VARCHAR(255),
    "DRIVER" VARCHAR(255),
    "OPERATE_STATION_ID" VARCHAR(255),
    "OPERATE_STATION" VARCHAR(255),
    "RFID" VARCHAR(255),
    "THIRD_ID" VARCHAR(255),
    "MATCH_STATUS" INTEGER DEFAULT 0,
    "MATCHED_JOB_ID" BIGINT,
    "MATCH_TIME" TIMESTAMP(6),
    "CREATE_TIME" TIMESTAMP(6),
    "UPDATE_TIME" TIMESTAMP(6),
    NOT CLUSTER PRIMARY KEY("ID")) STORAGE(ON "MAIN", CLUSTERBTR) ;
CREATE OR REPLACE  INDEX "ANALYSIS_PLATFORM"."IDX_RFID_MATCH_STATUS" ON "ANALYSIS_PLATFORM"."TAK_RFID_RECORD"("MATCH_STATUS" ASC) STORAGE(ON "MAIN", CLUSTERBTR) ;
CREATE OR REPLACE  INDEX "ANALYSIS_PLATFORM"."IDX_RFID_THIRD_ID" ON "ANALYSIS_PLATFORM"."TAK_RFID_RECORD"("THIRD_ID" ASC) STORAGE(ON "MAIN", CLUSTERBTR) ;
CREATE OR REPLACE  INDEX "ANALYSIS_PLATFORM"."IDX_RFID_VEHICLE_TIME" ON "ANALYSIS_PLATFORM"."TAK_RFID_RECORD"("VEHICLE_TIME" ASC) STORAGE(ON "MAIN", CLUSTERBTR) ;
COMMENT ON TABLE "ANALYSIS_PLATFORM"."TAK_RFID_RECORD" IS 'RFID识别记录表';
COMMENT ON COLUMN "ANALYSIS_PLATFORM"."TAK_RFID_RECORD"."RECORD_CODE" IS 'RFID车辆认证码';
COMMENT ON COLUMN "ANALYSIS_PLATFORM"."TAK_RFID_RECORD"."VEHICLE_TIME" IS '识别时间';
COMMENT ON COLUMN "ANALYSIS_PLATFORM"."TAK_RFID_RECORD"."REGION_ID" IS 'RFID识别设备';
COMMENT ON COLUMN "ANALYSIS_PLATFORM"."TAK_RFID_RECORD"."DRIVER" IS '司机名称';
COMMENT ON COLUMN "ANALYSIS_PLATFORM"."TAK_RFID_RECORD"."OPERATE_STATION_ID" IS '操作站id';
COMMENT ON COLUMN "ANALYSIS_PLATFORM"."TAK_RFID_RECORD"."OPERATE_STATION" IS '操作站';
COMMENT ON COLUMN "ANALYSIS_PLATFORM"."TAK_RFID_RECORD"."RFID" IS 'RFID';
COMMENT ON COLUMN "ANALYSIS_PLATFORM"."TAK_RFID_RECORD"."THIRD_ID" IS '第三方主键ID';
COMMENT ON COLUMN "ANALYSIS_PLATFORM"."TAK_RFID_RECORD"."MATCH_STATUS" IS '匹配状态：0-未匹配，1-匹配成功，2-多余数据，3-重复数据';
COMMENT ON COLUMN "ANALYSIS_PLATFORM"."TAK_RFID_RECORD"."MATCHED_JOB_ID" IS '匹配的作业数据ID';
COMMENT ON COLUMN "ANALYSIS_PLATFORM"."TAK_RFID_RECORD"."MATCH_TIME" IS '匹配时间';
COMMENT ON COLUMN "ANALYSIS_PLATFORM"."TAK_RFID_RECORD"."CREATE_TIME" IS '创建时间';
COMMENT ON COLUMN "ANALYSIS_PLATFORM"."TAK_RFID_RECORD"."UPDATE_TIME" IS '更新时间';

